timestamp,symbol,Open,High,Low,Close,Volume,trade_count,vwap,ATR,PrevClose
2022-01-03,AAPL,177.88,182.875,177.73,181.86,1219127.0,10239.0,181.453961,,
2022-01-04,AAPL,182.655,182.88,179.15,179.76,1475976.0,11429.0,180.699151,,181.86
2022-01-05,AAPL,179.66,180.09,174.775,174.835,1120583.0,9890.0,177.463432,,179.76
2022-01-06,AAPL,172.43,175.27,171.64,172.02,1637766.0,14293.0,173.164102,,174.835
2022-01-07,AAPL,172.79,174.11,171.04,172.2,874794.0,8283.0,172.515179,,172.02
2022-01-10,AAPL,169.02,172.5,168.19,172.17,1450286.0,12292.0,170.132654,,172.2
2022-01-11,AAPL,172.32,175.175,170.83,174.93,956582.0,8412.0,173.742461,,172.17
2022-01-12,AAPL,176.07,177.15,174.88,175.49,703980.0,6454.0,175.841243,,174.93
2022-01-13,AAPL,175.7,176.6,171.8,172.285,1203412.0,9312.0,174.264858,,175.49
2022-01-14,AAPL,171.35,173.73,171.13,173.07,966191.0,9806.0,172.284445,,172.285
2022-01-18,AAPL,171.49,172.52,169.405,169.84,1114017.0,11390.0,170.623834,,173.07
2022-01-19,AAPL,169.9,171.06,166.0,166.21,1070644.0,9803.0,168.543667,,169.84
2022-01-20,AAPL,166.87,169.62,164.26,164.66,1374541.0,12982.0,167.365793,,166.21
2022-01-21,AAPL,164.39,166.27,162.34,162.42,1596315.0,14252.0,163.915873,4.087857142857146,164.66
2022-01-24,AAPL,160.06,162.245,154.71,162.23,2504284.0,22654.0,158.411093,4.27107142857143,162.42
2022-01-25,AAPL,158.8,162.725,157.065,159.91,1200529.0,13687.0,159.399971,4.408928571428573,162.23
2022-01-26,AAPL,163.475,164.35,157.9,159.47,2149874.0,18355.0,161.661833,4.490000000000001,159.91
2022-01-27,AAPL,162.485,163.82,158.29,159.01,2281900.0,19923.0,160.635586,4.6257142857142854,159.47
2022-01-28,AAPL,165.765,170.35,162.81,170.325,3556890.0,27334.0,167.558135,5.21642857142857,159.01
2022-01-31,AAPL,170.14,174.93,169.555,174.88,1918171.0,17267.0,173.142739,5.292499999999998,170.325
2022-02-01,AAPL,174.0,174.78,172.36,174.54,1094581.0,10621.0,173.474876,5.162142857142854,174.88
2022-02-02,AAPL,174.82,175.88,173.33,175.58,1304266.0,11695.0,174.8305,5.182142857142852,174.54
2022-02-03,AAPL,174.54,176.19,172.15,173.17,1266678.0,11441.0,174.471013,5.127857142857138,175.58
2022-02-04,AAPL,171.61,174.09,170.715,172.27,1200673.0,12297.0,172.322942,5.183214285714281,173.17
2022-02-07,AAPL,172.8,173.94,170.95,171.67,946044.0,9914.0,172.548147,5.134999999999997,172.27
2022-02-08,AAPL,171.68,175.35,171.45,174.82,1132606.0,10707.0,173.881474,5.052142857142854,171.67
2022-02-09,AAPL,176.17,176.64,174.91,176.25,1026226.0,10398.0,175.739543,4.79928571428571,174.82
2022-02-10,AAPL,174.13,175.47,171.57,172.33,1505201.0,14268.0,173.661755,4.852857142857139,176.25
2022-02-11,AAPL,172.3,173.02,168.065,168.58,1378827.0,14653.0,170.422388,4.656071428571427,172.33
2022-02-14,AAPL,167.24,169.57,166.565,168.94,1277580.0,11922.0,168.348021,4.46642857142857,168.58
2022-02-15,AAPL,170.88,172.915,170.28,172.82,1154671.0,11834.0,171.597729,4.289642857142856,168.94
2022-02-16,AAPL,171.8,173.31,170.09,172.49,978228.0,9715.0,171.595968,4.124642857142855,172.82
2022-02-17,AAPL,170.92,171.89,168.49,168.92,1295192.0,11513.0,170.375618,3.600357142857141,172.49
2022-02-18,AAPL,169.95,170.52,166.23,167.44,1150574.0,11198.0,167.775466,3.5228571428571422,168.92
2022-02-22,AAPL,164.94,166.66,162.18,164.31,1551166.0,15497.0,164.540918,3.718571428571429,167.44
2022-02-23,AAPL,165.58,166.15,159.78,160.17,1406364.0,12849.0,162.359015,3.9914285714285733,164.31
2022-02-24,AAPL,152.69,162.83,152.04,162.56,2096318.0,21984.0,157.696517,4.473571428571432,160.17
2022-02-25,AAPL,163.75,165.02,160.9,164.85,1584117.0,14491.0,163.673454,4.526785714285718,162.56
2022-02-28,AAPL,163.14,165.4,162.46,165.28,1469755.0,14813.0,164.085237,4.523214285714289,164.85
2022-03-01,AAPL,164.695,166.6,162.0,163.18,1222801.0,12624.0,164.091811,4.573214285714288,165.28
2022-03-02,AAPL,164.47,167.35,162.96,166.46,1177337.0,12797.0,165.953093,4.756785714285717,163.18
2022-03-03,AAPL,168.49,168.9,165.56,166.27,1058211.0,10449.0,166.911969,4.6610714285714305,166.46
2022-03-04,AAPL,164.59,165.52,162.14,163.2,1494370.0,13030.0,163.306508,4.6021428571428595,166.27
2022-03-07,AAPL,163.45,165.0,159.115,159.48,1773062.0,15371.0,161.692613,4.807857142857145,163.2
2022-03-08,AAPL,158.88,162.88,155.81,157.29,1837504.0,17409.0,158.70947,5.028928571428573,159.48
2022-03-09,AAPL,161.48,163.395,159.42,162.94,1739802.0,16044.0,162.05671,5.235000000000004,157.29
2022-03-10,AAPL,160.23,160.38,155.98,158.52,1920578.0,17422.0,157.833961,5.446428571428576,162.94
2022-03-11,AAPL,158.94,159.25,154.505,154.76,1610849.0,14249.0,156.239258,5.4789285714285745,158.52
2022-03-14,AAPL,151.56,154.1,150.1,150.63,1911180.0,17006.0,151.816922,5.436071428571432,154.76
2022-03-15,AAPL,150.975,155.54,150.385,155.08,1523090.0,14045.0,153.415313,5.349285714285718,150.63
2022-03-16,AAPL,157.035,159.95,154.47,159.655,1807299.0,16501.0,157.416953,4.970000000000001,155.08
2022-03-17,AAPL,158.61,161.0,157.64,161.0,1332754.0,13438.0,159.248198,4.915714285714287,159.655
2022-03-18,AAPL,160.36,164.47,159.765,163.88,1845737.0,16581.0,162.498893,5.041785714285717,161.0
2022-03-21,AAPL,163.73,166.335,163.02,165.38,1374468.0,15804.0,164.575329,4.950000000000003,163.88
2022-03-22,AAPL,165.57,169.42,164.94,168.83,1294834.0,12858.0,168.318979,4.9564285714285745,165.38
2022-03-23,AAPL,168.01,172.625,167.66,170.31,1650325.0,15233.0,170.947948,5.072500000000003,168.83
2022-03-24,AAPL,171.255,174.125,170.25,174.045,1796208.0,14300.0,172.542083,5.054285714285716,170.31
2022-03-25,AAPL,173.83,175.275,172.75,174.57,1227210.0,11653.0,173.977123,4.814285714285717,174.045
2022-03-28,AAPL,172.14,175.72,172.02,175.61,1403831.0,12816.0,174.449328,4.573571428571431,174.57
2022-03-29,AAPL,176.86,179.0,176.35,179.0,1842481.0,16006.0,177.826147,4.379642857142857,175.61
2022-03-30,AAPL,178.55,179.595,176.71,177.59,1854238.0,15673.0,178.147016,4.088571428571427,179.0
2022-03-31,AAPL,177.835,177.96,174.42,174.67,1936210.0,15977.0,176.102955,4.0024999999999995,177.59
2022-04-01,AAPL,174.145,174.88,171.95,174.26,1642586.0,15669.0,173.290928,3.8789285714285717,174.67
2022-04-04,AAPL,174.655,178.48,174.44,178.47,1721952.0,16229.0,177.444851,3.8121428571428573,174.26
2022-04-05,AAPL,177.52,178.3,174.435,175.16,1641579.0,15885.0,176.013902,3.7089285714285722,178.47
2022-04-06,AAPL,172.28,173.62,170.14,171.57,1646992.0,15925.0,171.75885,3.8275000000000006,175.16
2022-04-07,AAPL,171.15,173.335,169.88,172.24,1482540.0,14640.0,171.855287,3.738214285714286,171.57
2022-04-08,AAPL,171.75,171.75,169.24,170.14,1434943.0,13166.0,170.448729,3.7157142857142866,172.24
2022-04-11,AAPL,168.7,169.0,165.505,165.79,1694326.0,16030.0,166.668804,3.726785714285715,170.14
2022-04-12,AAPL,168.055,169.87,166.65,167.65,1527884.0,14001.0,168.094567,3.66357142857143,165.79
2022-04-13,AAPL,167.4,171.02,166.835,170.39,1183829.0,11643.0,169.622314,3.6857142857142873,167.65
2022-04-14,AAPL,170.67,171.25,165.045,165.35,1425320.0,13533.0,167.17968,3.9485714285714306,170.39
2022-04-18,AAPL,164.04,166.52,163.71,165.1,1135995.0,10779.0,164.950175,3.885000000000003,165.35
2022-04-19,AAPL,165.02,167.8,163.96,167.35,1141555.0,11216.0,166.392634,3.9171428571428613,165.1
2022-04-20,AAPL,168.78,168.86,166.125,167.25,1342086.0,12984.0,167.306519,3.9064285714285774,167.35
2022-04-21,AAPL,168.95,171.505,165.91,166.48,2294770.0,17667.0,169.189538,4.05321428571429,167.25
2022-04-22,AAPL,166.32,167.84,161.505,161.82,1884988.0,16570.0,164.348836,4.296428571428576,166.48
2022-04-25,AAPL,161.11,163.145,158.46,162.88,2330630.0,18107.0,160.32036,4.329642857142862,161.82
2022-04-26,AAPL,162.125,162.22,156.77,156.78,1803751.0,15254.0,158.768162,4.477857142857147,162.88
2022-04-27,AAPL,155.98,159.77,155.42,156.57,1709447.0,15475.0,157.464361,4.430000000000005,156.78
2022-04-28,AAPL,159.23,164.5,158.94,163.65,2580082.0,22401.0,161.94509,4.749642857142861,156.57
2022-04-29,AAPL,161.85,166.11,157.31,157.855,3321049.0,25916.0,161.467729,5.163928571428577,163.65
2022-05-02,AAPL,156.77,158.23,153.27,157.9,2277723.0,19827.0,155.863688,5.187142857142861,157.855
2022-05-03,AAPL,158.11,160.55,156.33,159.46,1393805.0,13449.0,158.83055,5.19714285714286,157.9
2022-05-04,AAPL,159.64,166.47,159.29,166.15,2022449.0,17484.0,162.699204,5.411071428571432,159.46
2022-05-05,AAPL,163.81,164.05,154.955,156.9,2859542.0,25658.0,158.127966,5.767500000000003,166.15
2022-05-06,AAPL,155.955,159.4,154.21,157.26,2063728.0,19543.0,157.345788,5.937500000000002,156.9
2022-05-09,AAPL,154.85,155.8,151.505,152.45,2144031.0,20510.0,152.925356,6.074285714285716,157.26
2022-05-10,AAPL,155.68,156.73,152.95,154.47,2619209.0,22537.0,155.20055,6.184642857142857,152.45
2022-05-11,AAPL,153.545,155.37,145.82,146.6,2725189.0,24256.0,149.36036,6.467142857142859,154.47
2022-05-12,AAPL,142.81,146.17,138.81,142.55,4029572.0,34459.0,142.053128,6.571071428571429,146.6
2022-05-13,AAPL,144.74,148.1,143.12,147.05,2120790.0,20556.0,146.300592,6.632857142857142,142.55
2022-05-16,AAPL,145.56,147.5,144.19,145.6,1530925.0,14463.0,145.746307,6.432857142857143,147.05
2022-05-17,AAPL,148.96,149.76,146.69,149.32,1255504.0,13502.0,148.402372,6.419285714285713,145.6
2022-05-18,AAPL,146.87,147.31,139.97,140.86,3032208.0,28267.0,142.752845,6.520714285714283,149.32
2022-05-19,AAPL,139.86,141.655,136.6,137.29,3080601.0,28332.0,138.630412,6.253214285714283,140.86
2022-05-20,AAPL,139.09,140.47,132.63,137.59,1894751.0,17138.0,136.872914,6.4589285714285705,137.29
2022-05-23,AAPL,137.94,143.245,137.86,143.15,1697808.0,14773.0,141.38751,6.5614285714285705,137.59
2022-05-24,AAPL,140.86,141.92,137.38,140.48,2336093.0,19356.0,139.591649,6.4607142857142845,143.15
2022-05-25,AAPL,138.43,141.785,138.37,140.71,1806028.0,15641.0,140.179821,5.904999999999999,140.48
2022-05-26,AAPL,137.58,144.34,137.14,143.745,1771159.0,16752.0,142.595625,6.048571428571429,140.71
2022-05-27,AAPL,145.46,149.67,145.27,149.56,2161339.0,18813.0,148.314858,6.060714285714285,143.745
2022-05-31,AAPL,149.07,150.63,146.85,148.82,1764227.0,17228.0,149.290093,6.0249999999999995,149.56
2022-06-01,AAPL,149.91,151.74,147.73,148.73,1317423.0,15341.0,149.362473,5.6292857142857144,148.82
2022-06-02,AAPL,147.935,151.26,146.91,151.23,1311080.0,13808.0,149.697428,5.383571428571429,148.73
2022-06-03,AAPL,146.82,147.95,144.46,145.39,1643792.0,14733.0,145.840859,5.470714285714286,151.23
2022-06-06,AAPL,147.14,148.55,144.91,146.13,1111780.0,11010.0,146.617481,5.4942857142857155,145.39
2022-06-07,AAPL,144.35,148.97,144.11,148.615,1351387.0,12940.0,147.699017,5.5442857142857145,146.13
2022-06-08,AAPL,148.53,149.85,147.47,148.02,956183.0,9222.0,148.646497,5.046428571428572,148.615
2022-06-09,AAPL,147.08,147.93,142.54,142.605,1343595.0,13955.0,145.501059,5.076785714285715,148.02
2022-06-10,AAPL,140.33,140.72,137.09,137.12,1848042.0,17556.0,138.281156,4.910714285714286,142.605
2022-06-13,AAPL,132.74,135.2,131.44,131.905,2965495.0,27258.0,133.238464,4.9125000000000005,137.12
2022-06-14,AAPL,133.18,133.88,131.53,132.64,1544490.0,15040.0,132.527501,4.668214285714285,131.905
2022-06-15,AAPL,134.19,137.33,132.18,135.46,2042133.0,19594.0,134.609331,4.792142857142857,132.64
2022-06-16,AAPL,131.85,132.38,129.075,130.11,2557760.0,25757.0,130.431426,4.733928571428572,135.46
2022-06-17,AAPL,130.07,133.06,129.82,131.48,2399809.0,21828.0,131.691071,4.542142857142859,130.11
2022-06-21,AAPL,133.41,137.05,133.33,135.88,1906264.0,17471.0,135.963113,4.6700000000000035,131.48
2022-06-22,AAPL,134.64,137.74,133.92,135.29,1420294.0,13915.0,136.020927,4.656428571428576,135.88
2022-06-23,AAPL,136.78,138.585,135.63,138.25,1904675.0,16521.0,137.209619,4.581071428571434,135.29
2022-06-24,AAPL,139.97,141.875,139.78,141.875,1526675.0,14910.0,140.555234,4.356428571428578,138.25
2022-06-27,AAPL,142.72,143.47,140.98,141.71,1319070.0,12380.0,142.087203,4.27428571428572,141.875
2022-06-28,AAPL,142.23,143.42,137.325,137.54,1454505.0,13642.0,139.50388,4.362500000000007,141.71
2022-06-29,AAPL,137.46,140.66,136.7,139.2,1355470.0,13174.0,139.224272,4.475357142857151,137.54
2022-06-30,AAPL,137.21,138.325,133.79,136.96,2183356.0,19857.0,136.27842,4.470357142857149,139.2
2022-07-01,AAPL,136.16,139.02,135.71,138.85,1377502.0,17292.0,137.337987,4.31285714285715,136.96
2022-07-05,AAPL,137.82,141.61,136.94,141.61,1532022.0,14013.0,139.509527,4.2407142857142945,138.85
2022-07-06,AAPL,141.355,144.12,141.12,142.95,1229574.0,12237.0,142.565107,4.287142857142866,141.61
2022-07-07,AAPL,143.43,146.55,143.32,146.35,1467474.0,14245.0,145.71987,4.176428571428581,142.95
2022-07-08,AAPL,145.23,147.54,145.08,147.03,974624.0,11605.0,146.626953,3.8960714285714357,146.35
2022-07-11,AAPL,145.7,146.64,143.79,144.905,977841.0,11626.0,145.116342,3.8960714285714357,147.03
2022-07-12,AAPL,145.8,148.44,145.06,145.86,1372295.0,13896.0,146.916548,3.750714285714291,144.905
2022-07-13,AAPL,143.05,146.45,142.145,145.45,1344956.0,13991.0,145.062144,3.785357142857145,145.86
2022-07-14,AAPL,143.99,148.95,143.26,148.52,1246765.0,13217.0,146.573226,3.9564285714285723,145.45
2022-07-15,AAPL,149.91,150.83,148.24,150.05,1552387.0,13623.0,149.442157,3.882500000000001,148.52
2022-07-18,AAPL,150.73,151.55,146.73,147.1,1322205.0,12737.0,149.017705,4.048928571428574,150.05
2022-07-19,AAPL,147.94,151.22,146.92,150.94,1203432.0,12602.0,149.809068,3.920714285714289,147.1
2022-07-20,AAPL,151.1,153.715,150.385,153.04,1233009.0,12333.0,152.68399,3.875714285714289,150.94
2022-07-21,AAPL,154.495,155.57,152.01,155.34,1092795.0,11840.0,154.436863,3.7435714285714323,153.04
2022-07-22,AAPL,155.5,156.24,153.41,154.14,1343586.0,13313.0,154.651343,3.709285714285719,155.34
2022-07-25,AAPL,154.01,155.02,152.295,152.87,921109.0,9885.0,153.213654,3.570357142857148,154.14
2022-07-26,AAPL,152.2,153.08,150.82,151.56,1035376.0,10138.0,151.694228,3.5175000000000063,152.87
2022-07-27,AAPL,152.58,157.3,152.21,156.73,1809439.0,19164.0,155.265877,3.6703571428571484,151.56
2022-07-28,AAPL,157.04,157.63,154.42,157.31,1752629.0,18998.0,156.627654,3.723928571428579,156.73
2022-07-29,AAPL,161.23,163.62,159.52,162.58,2072114.0,19334.0,162.254061,3.943214285714293,157.31
2022-08-01,AAPL,161.08,163.57,160.89,161.49,1388456.0,13167.0,162.345895,3.8821428571428647,162.58
2022-08-02,AAPL,160.035,162.41,159.64,159.97,1063642.0,12094.0,160.872203,3.77250000000001,161.49
2022-08-03,AAPL,160.98,166.59,160.85,166.12,1563316.0,15501.0,165.061302,3.838928571428582,159.97
2022-08-04,AAPL,166.06,167.17,164.435,165.76,877466.0,9408.0,165.550629,3.8492857142857235,166.12
2022-08-05,AAPL,163.05,165.85,163.0,165.28,973609.0,10143.0,164.676595,3.7085714285714357,165.76
2022-08-08,AAPL,166.41,167.78,164.2,164.89,1068472.0,11176.0,165.836945,3.6571428571428646,165.28
2022-08-09,AAPL,164.02,165.82,163.765,164.94,1281830.0,10791.0,164.866386,3.5660714285714357,164.89
2022-08-10,AAPL,167.85,169.3,166.9,169.22,1525014.0,13423.0,168.314687,3.6232142857142935,164.94
2022-08-11,AAPL,170.01,170.98,168.21,168.51,1140274.0,11548.0,169.48978,3.618928571428577,169.22
2022-08-12,AAPL,169.94,172.01,169.42,172.01,1208489.0,12362.0,170.890466,3.6742857142857184,168.51
2022-08-15,AAPL,171.52,173.385,171.35,173.19,786184.0,8558.0,172.614006,3.658214285714288,172.01
2022-08-16,AAPL,172.68,173.71,171.67,173.03,910736.0,10001.0,172.692728,3.3939285714285745,173.19
2022-08-17,AAPL,172.71,176.14,172.57,174.66,1426156.0,13912.0,174.422289,3.419642857142859,173.03
2022-08-18,AAPL,173.755,174.885,173.13,174.16,805079.0,8650.0,174.195173,3.0942857142857156,174.66
2022-08-19,AAPL,173.15,173.71,171.33,171.58,1405799.0,13685.0,172.219892,3.105,174.16
2022-08-22,AAPL,169.53,169.83,167.145,167.64,1404633.0,13483.0,168.26537,3.2239285714285706,171.58
2022-08-23,AAPL,167.09,168.7,166.655,167.23,1025203.0,10826.0,167.692685,2.8971428571428555,167.64
2022-08-24,AAPL,167.09,168.11,166.25,167.64,999177.0,10755.0,167.331263,2.8346428571428572,167.23
2022-08-25,AAPL,168.79,170.13,168.35,170.13,977739.0,10243.0,169.343079,2.8089285714285728,167.64
2022-08-26,AAPL,170.53,171.03,163.58,163.67,1447091.0,15171.0,166.238204,3.0853571428571422,170.13
2022-08-29,AAPL,161.08,162.9,159.82,161.375,1604692.0,15235.0,161.406199,3.213571428571427,163.67
2022-08-30,AAPL,162.18,162.54,157.73,158.91,1473216.0,16347.0,159.196747,3.2457142857142833,161.375
2022-08-31,AAPL,160.26,160.5,157.16,157.19,1370072.0,14235.0,158.891997,3.2864285714285706,158.91
2022-09-01,AAPL,156.64,158.35,154.685,157.97,1510025.0,16469.0,156.435761,3.2982142857142844,157.19
2022-09-02,AAPL,159.82,160.35,154.97,155.85,1432725.0,15671.0,157.649189,3.537142857142856,157.97
2022-09-06,AAPL,156.48,157.06,153.73,154.54,1338509.0,13391.0,154.987208,3.6292857142857122,155.85
2022-09-07,AAPL,154.82,156.66,153.62,155.94,1608995.0,15650.0,155.347052,3.5914285714285694,154.54
2022-09-08,AAPL,154.59,156.36,152.7,154.37,1442644.0,13266.0,154.370423,3.7275,155.94
2022-09-09,AAPL,155.37,157.79,154.78,157.36,1484656.0,15262.0,156.876116,3.7696428571428577,154.37
2022-09-12,AAPL,159.63,164.25,159.41,163.46,2223395.0,18686.0,162.458105,3.9449999999999994,157.36
2022-09-13,AAPL,159.87,160.53,153.39,153.99,2589988.0,23456.0,156.038801,4.518214285714287,163.46
2022-09-14,AAPL,154.73,157.09,153.625,155.31,1796905.0,14939.0,155.372411,4.6328571428571435,153.99
2022-09-15,AAPL,154.755,155.23,151.39,152.365,1877769.0,16650.0,152.92888,4.735000000000001,155.31
2022-09-16,AAPL,151.18,151.35,148.405,150.46,2699287.0,21113.0,149.903378,4.485714285714288,152.365
2022-09-19,AAPL,149.21,154.555,149.1,154.5,2317111.0,20821.0,152.561285,4.600357142857147,150.46
2022-09-20,AAPL,153.39,158.08,153.09,156.92,2427296.0,22177.0,155.954789,4.613214285714291,154.5
2022-09-21,AAPL,157.4,158.7,153.69,153.71,1992240.0,18032.0,156.390546,4.7325000000000035,156.92
2022-09-22,AAPL,152.275,154.4,150.915,152.72,1907995.0,16048.0,152.531896,4.719642857142863,153.71
2022-09-23,AAPL,151.04,151.45,148.59,150.54,1856373.0,17288.0,149.966549,4.630357142857148,152.72
2022-09-26,AAPL,149.78,153.76,149.74,150.71,1684442.0,15330.0,151.583784,4.67964285714286,150.54
2022-09-27,AAPL,152.77,154.67,149.95,151.78,1575112.0,16004.0,152.102996,4.799642857142861,150.71
2022-09-28,AAPL,147.69,150.64,144.84,149.76,3617814.0,30993.0,147.484914,5.033928571428573,151.78
2022-09-29,AAPL,146.08,146.71,140.685,142.59,2717800.0,23399.0,142.868416,5.437857142857145,149.76
2022-09-30,AAPL,141.23,143.09,138.08,138.08,2270983.0,19707.0,140.629295,5.303571428571431,142.59
2022-10-03,AAPL,138.305,143.07,137.745,142.47,1939582.0,17063.0,141.313872,4.964642857142857,138.08
2022-10-04,AAPL,145.04,146.2,144.29,145.99,1576890.0,15301.0,145.408457,4.983571428571428,142.47
2022-10-05,AAPL,143.96,147.36,143.07,146.45,1425377.0,14122.0,145.283551,5.009999999999999,145.99
2022-10-06,AAPL,145.88,147.52,145.22,145.47,1070004.0,9858.0,146.158854,4.891428571428571,146.45
2022-10-07,AAPL,142.54,143.07,139.455,140.14,1495655.0,14128.0,140.78107,4.931428571428569,145.47
2022-10-10,AAPL,140.49,141.875,138.58,140.32,1353509.0,11872.0,140.113688,4.810357142857138,140.14
2022-10-11,AAPL,139.67,141.33,138.245,138.96,1789630.0,14241.0,139.336988,4.67285714285714,140.32
2022-10-12,AAPL,139.06,140.345,138.16,138.29,1217669.0,11571.0,139.124564,4.5799999999999965,138.96
2022-10-13,AAPL,134.9,143.56,134.4,142.98,2334407.0,19721.0,139.812333,4.9392857142857105,138.29
2022-10-14,AAPL,144.3,144.52,138.2,138.39,1641177.0,15353.0,140.266355,5.103571428571428,142.98
2022-10-17,AAPL,141.12,142.88,140.27,142.35,1613651.0,14303.0,141.935435,5.087142857142857,138.39
2022-10-18,AAPL,145.69,146.66,140.65,143.78,2372501.0,20285.0,143.931985,5.020714285714285,142.35
2022-10-19,AAPL,141.66,144.935,141.55,143.9,1265436.0,12959.0,143.473002,4.614285714285714,143.78
2022-10-20,AAPL,142.91,145.845,142.66,143.32,1125447.0,10746.0,144.420435,4.483928571428572,143.9
2022-10-21,AAPL,142.97,147.84,142.66,147.33,1684353.0,15334.0,145.91299,4.4735714285714305,143.32
2022-10-24,AAPL,147.31,150.22,146.0,149.38,1658457.0,13930.0,148.233264,4.508571428571431,147.33
2022-10-25,AAPL,150.28,152.49,149.36,152.31,1806235.0,15837.0,151.388503,4.425714285714286,149.38
2022-10-26,AAPL,151.04,151.99,148.05,149.51,1977566.0,17595.0,150.184829,4.565714285714285,152.31
2022-10-27,AAPL,148.085,149.045,144.135,144.94,2635086.0,24018.0,145.759401,4.5200000000000005,149.51
2022-10-28,AAPL,148.14,157.5,147.875,155.7,3621440.0,32698.0,154.636048,5.1817857142857155,144.94
2022-10-31,AAPL,153.15,154.24,151.95,153.395,2039129.0,19888.0,153.244666,5.229285714285715,155.7
2022-11-01,AAPL,155.215,155.41,149.18,150.65,2009311.0,17870.0,150.977209,5.5182142857142855,153.395
2022-11-02,AAPL,148.94,152.16,145.0,145.0,2178299.0,18484.0,148.226933,5.375357142857142,150.65
2022-11-03,AAPL,142.1,142.79,138.77,138.88,2653066.0,24098.0,140.159674,5.368928571428569,145.0
2022-11-04,AAPL,142.22,142.61,134.39,138.39,2697869.0,23757.0,137.166031,5.635357142857141,138.88
2022-11-07,AAPL,137.15,139.14,135.72,138.96,1937259.0,17084.0,137.422848,5.450357142857142,138.39
2022-11-08,AAPL,140.42,141.43,137.53,139.49,1744321.0,16399.0,139.625691,5.487142857142857,138.96
2022-11-09,AAPL,138.4,138.54,134.605,134.86,1422914.0,14094.0,136.078267,5.608571428571429,139.49
2022-11-10,AAPL,141.44,146.82,140.42,146.78,2536121.0,23776.0,143.930942,6.092857142857142,134.86
2022-11-11,AAPL,145.925,150.0,144.41,149.69,2367520.0,18830.0,148.247721,6.190714285714285,146.78
2022-11-14,AAPL,149.03,150.27,147.44,148.41,1431494.0,14636.0,148.702247,6.1692857142857145,149.69
2022-11-15,AAPL,152.24,153.58,148.59,150.06,2090693.0,18958.0,151.585551,6.234285714285717,148.41
2022-11-16,AAPL,148.98,149.8,147.3,148.79,1416573.0,13724.0,148.602131,6.047500000000001,150.06
2022-11-17,AAPL,146.45,151.47,146.32,150.8,1178295.0,11656.0,149.575815,5.518214285714287,148.79
2022-11-18,AAPL,152.22,152.48,150.0,151.31,1364364.0,12240.0,151.122761,5.427500000000001,150.8
2022-11-21,AAPL,150.24,150.3,147.72,148.03,1081971.0,10390.0,148.503335,5.238928571428573,151.31
2022-11-22,AAPL,148.15,150.34,146.935,150.21,900490.0,9401.0,148.879369,4.970714285714288,148.03
2022-11-23,AAPL,149.49,151.79,149.35,151.14,886138.0,8934.0,150.76506,4.700000000000003,150.21
2022-11-25,AAPL,148.33,148.87,147.14,148.16,596246.0,6116.0,148.09706,4.3985714285714295,151.14
2022-11-28,AAPL,145.08,146.64,143.4,144.2,1194059.0,12450.0,144.75191,4.4942857142857155,148.16
2022-11-29,AAPL,144.29,144.75,140.355,141.16,1775388.0,16979.0,142.042438,4.529642857142859,144.2
2022-11-30,AAPL,141.4,147.99,140.59,147.99,1844153.0,17244.0,144.401035,4.7092857142857145,141.16
2022-12-01,AAPL,148.34,149.095,146.65,148.33,1153348.0,10695.0,148.076731,4.029642857142859,147.99
2022-12-02,AAPL,146.0,147.99,145.67,147.76,1038496.0,10002.0,146.673571,3.8203571428571457,148.33
2022-12-05,AAPL,147.74,150.91,145.77,146.61,1391370.0,11849.0,147.686501,3.985357142857144,147.76
2022-12-06,AAPL,147.075,147.27,141.94,142.94,1131659.0,10281.0,143.857477,3.996785714285715,146.61
2022-12-07,AAPL,142.38,143.36,140.01,140.93,1025374.0,10519.0,141.179184,4.038928571428575,142.94
2022-12-08,AAPL,142.36,143.51,141.105,142.61,1073212.0,10992.0,142.467911,3.8553571428571445,140.93
2022-12-09,AAPL,142.49,145.56,140.9,142.19,1172903.0,14250.0,143.35891,4.011071428571431,142.61
2022-12-12,AAPL,142.91,144.49,141.08,144.48,1139586.0,11015.0,142.941086,3.9982142857142873,142.19
2022-12-13,AAPL,149.735,149.94,144.29,145.44,1652792.0,15788.0,146.540463,4.15857142857143,144.48
2022-12-14,AAPL,145.37,146.64,141.2,143.25,1633131.0,15641.0,144.510142,4.3728571428571446,145.44
2022-12-15,AAPL,141.23,141.77,136.03,136.61,2315915.0,20259.0,137.506066,4.602857142857145,143.25
2022-12-16,AAPL,136.475,137.62,133.73,134.53,1971646.0,17699.0,135.107899,4.540714285714289,136.61
2022-12-19,AAPL,135.14,135.19,131.33,132.46,1304509.0,13815.0,132.439829,4.502500000000002,134.53
2022-12-20,AAPL,131.54,133.24,129.9,132.29,1208918.0,11472.0,131.710881,4.212500000000001,132.46
2022-12-21,AAPL,133.02,136.795,132.75,135.4,1346460.0,11955.0,135.312999,4.359642857142859,132.29
2022-12-22,AAPL,134.22,134.55,130.31,132.22,1078460.0,9832.0,131.76414,4.533214285714286,135.4
2022-12-23,AAPL,130.98,132.4,129.65,131.85,989407.0,8408.0,130.926441,4.362500000000002,132.22
2022-12-27,AAPL,131.34,131.34,128.75,130.05,1038527.0,8656.0,129.842226,4.203214285714286,131.85
2022-12-28,AAPL,129.73,131.015,125.88,126.07,1629684.0,16115.0,127.617032,4.330714285714284,130.05
2022-12-29,AAPL,128.035,130.475,127.82,129.62,1196632.0,11789.0,129.564582,4.461071428571428,126.07
2022-12-30,AAPL,128.31,129.95,127.46,129.935,1094612.0,10240.0,128.688646,4.306071428571427,129.62
2023-01-03,AAPL,130.25,130.86,124.17,125.145,2123546.0,16801.0,125.784326,4.540357142857142,129.935
2023-01-04,AAPL,126.93,128.65,125.105,126.39,1638939.0,14761.0,126.692583,4.39,125.145
2023-01-05,AAPL,126.96,127.74,124.765,125.03,1440170.0,12850.0,126.261401,4.21392857142857,126.39
2023-01-06,AAPL,125.98,130.275,124.895,129.56,1349339.0,13173.0,128.167253,4.0825000000000005,125.03
2023-01-09,AAPL,130.56,133.41,129.89,130.18,1236469.0,10899.0,131.931094,4.079642857142856,129.56
2023-01-10,AAPL,130.26,131.23,128.125,130.74,918335.0,8319.0,129.596146,4.025714285714285,130.18
2023-01-11,AAPL,131.36,133.47,130.49,133.37,1209100.0,10252.0,132.215894,3.999999999999998,130.74
2023-01-12,AAPL,134.13,134.24,131.46,133.36,1355666.0,11630.0,133.084393,3.8767857142857127,133.37
2023-01-13,AAPL,131.86,134.91,131.705,134.73,904681.0,9475.0,133.519425,3.7421428571428543,133.36
2023-01-17,AAPL,134.865,137.28,134.2,135.91,1251222.0,11698.0,135.787119,3.765714285714284,134.73
2023-01-18,AAPL,136.92,138.61,135.04,135.2,1779440.0,15742.0,136.535539,3.799285714285714,135.91
2023-01-19,AAPL,134.05,136.25,133.78,135.27,1023477.0,9771.0,134.971981,3.6089285714285717,135.2
2023-01-20,AAPL,135.06,137.96,134.28,137.89,1273232.0,11609.0,135.970047,3.557142857142858,135.27
2023-01-23,AAPL,138.09,143.315,137.94,141.095,2239571.0,16486.0,141.423179,3.7667857142857164,137.89
2023-01-24,AAPL,140.5,143.13,140.3,142.53,838216.0,8633.0,142.155669,3.4910714285714284,141.095
2023-01-25,AAPL,140.85,142.425,138.815,141.81,1154572.0,9990.0,140.837719,3.503214285714286,142.53
2023-01-26,AAPL,143.22,144.25,141.93,143.94,1030855.0,10016.0,143.316486,3.4650000000000003,141.81
2023-01-27,AAPL,143.12,147.21,143.12,145.95,1237258.0,12177.0,146.021494,3.3728571428571428,143.94
2023-01-30,AAPL,144.82,145.52,142.865,143.02,1003188.0,8830.0,143.769878,3.3182142857142845,145.95
2023-01-31,AAPL,142.73,144.33,142.285,144.3,907942.0,8619.0,143.390341,3.2425000000000006,143.02
2023-02-01,AAPL,143.97,146.6,141.38,145.44,1249541.0,11752.0,143.712799,3.402500000000001,144.3
2023-02-02,AAPL,148.89,151.18,148.17,150.62,2045098.0,20302.0,149.738478,3.6139285714285734,145.44
2023-02-03,AAPL,147.875,157.36,147.835,154.51,4085828.0,30857.0,154.34488,4.065357142857146,150.62
2023-02-06,AAPL,152.455,153.07,150.785,151.74,1042601.0,10618.0,152.07461,4.111428571428574,154.51
2023-02-07,AAPL,150.75,155.2,150.75,154.68,1193188.0,10357.0,153.472593,4.174285714285714,151.74
2023-02-08,AAPL,153.79,154.57,151.18,151.95,1151312.0,11162.0,152.314272,4.247857142857143,154.68
2023-02-09,AAPL,153.84,154.27,150.43,150.83,935481.0,8860.0,152.448584,4.259285714285714,151.95
2023-02-10,AAPL,149.41,151.225,149.26,151.0,760448.0,7825.0,150.440671,4.012142857142856,150.83
2023-02-13,AAPL,150.98,154.245,150.98,153.84,969944.0,9824.0,153.220923,4.043214285714287,151.0
2023-02-14,AAPL,152.12,153.75,150.92,153.14,987798.0,10407.0,152.598022,3.9864285714285734,153.84
2023-02-15,AAPL,153.17,155.485,152.92,155.35,946558.0,14362.0,154.397305,3.9953571428571473,153.14
2023-02-16,AAPL,153.47,156.32,153.38,153.71,1087418.0,11075.0,154.952699,3.9132142857142895,155.35
2023-02-17,AAPL,152.37,152.98,150.86,152.53,834811.0,9544.0,151.93741,3.8964285714285762,153.71
2023-02-21,AAPL,150.21,151.28,148.405,148.5,960590.0,8988.0,149.56297,4.0450000000000035,152.53
2023-02-22,AAPL,148.66,149.93,147.18,148.92,817344.0,10779.0,148.492246,3.8685714285714323,148.5
2023-02-23,AAPL,150.1,150.32,147.245,149.38,653250.0,6528.0,148.818951,3.678214285714288,148.92
2023-02-24,AAPL,147.04,147.17,145.73,146.68,659419.0,7705.0,146.320928,3.258571428571431,149.38
2023-02-27,AAPL,147.74,149.14,147.49,147.9,616153.0,6019.0,148.152979,3.168214285714287,146.68
2023-02-28,AAPL,147.04,149.05,146.86,147.47,566243.0,8328.0,147.796606,3.006785714285716,147.9
2023-03-01,AAPL,146.82,147.22,145.01,145.35,948777.0,9242.0,145.913723,2.9325000000000023,147.47
2023-03-02,AAPL,144.4,146.695,143.91,145.92,1370792.0,11568.0,145.094621,2.857142857142859,145.35
2023-03-03,AAPL,147.92,151.085,147.34,151.08,1278282.0,13458.0,149.821306,3.085714285714289,145.92
2023-03-06,AAPL,153.84,156.29,153.46,153.85,1305944.0,13500.0,154.775282,3.224642857142858,151.08
2023-03-07,AAPL,153.8,154.025,151.14,151.58,956489.0,9545.0,152.372452,3.2221428571428583,153.85
2023-03-08,AAPL,152.855,153.45,151.85,152.86,612686.0,6871.0,152.693932,3.172499999999997,151.58
2023-03-09,AAPL,153.515,154.51,150.245,150.54,708431.0,7374.0,152.506188,3.267142857142854,152.86
2023-03-10,AAPL,150.15,150.93,147.615,148.48,852808.0,8720.0,148.978248,3.30035714285714,150.54
2023-03-13,AAPL,147.87,153.14,147.87,150.44,1304258.0,13430.0,151.239533,3.3821428571428527,148.48
2023-03-14,AAPL,151.34,153.39,150.16,152.44,1028518.0,10934.0,151.98589,3.416428571428566,150.44
2023-03-15,AAPL,150.96,153.22,149.92,153.0,1110028.0,9759.0,151.632783,3.4324999999999966,152.44
2023-03-16,AAPL,152.26,156.35,151.69,155.9,1058084.0,10426.0,154.771435,3.5046428571428527,153.0
2023-03-17,AAPL,155.89,156.72,154.3,155.03,883079.0,8650.0,155.260523,3.5017857142857105,155.9
2023-03-20,AAPL,155.11,157.8,154.165,157.465,1071419.0,9976.0,156.535343,3.6049999999999978,155.03
2023-03-21,AAPL,157.27,159.39,156.575,159.38,1643852.0,14995.0,158.251107,3.63035714285714,157.465
2023-03-22,AAPL,159.23,162.12,157.84,157.86,1150428.0,11080.0,159.842318,3.7371428571428544,159.38
2023-03-23,AAPL,158.79,161.54,157.72,158.88,948536.0,9870.0,159.726138,3.6410714285714243,157.86
2023-03-24,AAPL,158.9,160.34,157.88,160.25,714138.0,7349.0,159.166379,3.444642857142855,158.88
2023-03-27,AAPL,159.93,160.75,157.88,158.32,562684.0,5886.0,158.957814,3.443571428571425,160.25
2023-03-28,AAPL,157.92,158.09,155.99,157.69,586298.0,6091.0,156.867407,3.4764285714285683,158.32
2023-03-29,AAPL,159.35,161.02,159.35,160.78,651119.0,6495.0,160.143987,3.409642857142856,157.69
2023-03-30,AAPL,161.575,162.46,161.31,162.37,706928.0,6705.0,162.017511,3.2928571428571423,160.78
2023-03-31,AAPL,162.41,165.0,162.14,164.86,882143.0,9521.0,163.948951,3.1207142857142878,162.37
2023-04-03,AAPL,164.27,166.29,164.23,166.13,677205.0,7045.0,165.284825,3.03714285714286,164.86
2023-04-04,AAPL,166.66,166.815,165.11,165.64,640747.0,6976.0,165.96593,2.9232142857142867,166.13
2023-04-05,AAPL,164.63,165.04,161.8,163.75,853748.0,8655.0,163.466354,2.8646428571428566,165.64
2023-04-06,AAPL,162.35,164.93,162.04,164.66,639142.0,6295.0,164.026162,2.8982142857142867,163.75
2023-04-10,AAPL,161.415,162.02,160.085,162.02,700373.0,7218.0,161.172446,2.9653571428571417,164.66
2023-04-11,AAPL,162.33,162.33,160.52,160.81,763177.0,9450.0,161.125658,2.893571428571428,162.02
2023-04-12,AAPL,161.26,162.04,159.78,160.13,613689.0,6388.0,160.939403,2.749285714285713,160.81
2023-04-13,AAPL,161.61,165.8,161.51,165.62,1012623.0,10001.0,164.226059,2.8814285714285717,160.13
2023-04-14,AAPL,164.56,166.315,163.87,165.2,598591.0,6100.0,165.091939,2.880357142857142,165.62
2023-04-17,AAPL,165.02,165.33,164.1,165.27,409466.0,4885.0,164.749513,2.763214285714286,165.2
2023-04-18,AAPL,166.1,167.405,165.66,166.495,591641.0,6492.0,166.376193,2.749285714285715,165.27
2023-04-19,AAPL,165.81,168.15,165.555,167.63,654220.0,6973.0,167.202288,2.696785714285714,166.495
2023-04-20,AAPL,165.97,167.87,165.57,166.61,842840.0,7917.0,166.674421,2.7410714285714284,167.63
2023-04-21,AAPL,164.99,166.44,164.505,165.0,810101.0,7138.0,165.09749,2.6871428571428573,166.61
2023-04-24,AAPL,164.97,165.58,163.9,165.35,498498.0,5088.0,164.89143,2.6600000000000006,165.0
2023-04-25,AAPL,165.14,166.29,163.74,163.79,832273.0,8154.0,164.712871,2.7203571428571434,165.35
2023-04-26,AAPL,162.88,165.28,162.8,163.78,664886.0,6141.0,163.923507,2.6232142857142873,163.79
2023-04-27,AAPL,165.42,168.53,165.37,168.33,892359.0,8245.0,167.305395,2.756071428571429,163.78
2023-04-28,AAPL,168.47,169.845,167.89,169.685,691588.0,6473.0,168.880823,2.568928571428574,168.33
2023-05-01,AAPL,169.44,170.445,168.65,169.56,581479.0,5708.0,169.702123,2.567857142857144,169.685
2023-05-02,AAPL,170.07,170.335,167.565,168.55,636554.0,6736.0,168.691344,2.6042857142857168,169.56
2023-05-03,AAPL,169.49,170.89,167.16,167.45,976565.0,8566.0,169.465638,2.4657142857142866,168.55
2023-05-04,AAPL,164.84,167.01,164.315,165.72,1095733.0,10192.0,165.680073,2.5150000000000006,167.45
2023-05-05,AAPL,170.975,174.29,170.76,173.61,2214131.0,17198.0,173.354036,3.0392857142857133,165.72
2023-05-08,AAPL,172.49,173.825,172.12,173.51,756582.0,7584.0,173.30338,3.0085714285714267,173.61
2023-05-09,AAPL,173.04,173.505,171.63,171.8,513868.0,5408.0,172.265371,2.9574999999999982,173.51
2023-05-10,AAPL,172.99,174.01,171.905,173.555,707412.0,7999.0,173.146422,2.9510714285714243,171.8
2023-05-11,AAPL,173.85,174.565,172.19,173.805,543971.0,6044.0,173.42178,2.970357142857137,173.555
2023-05-12,AAPL,173.69,174.055,171.01,172.545,609003.0,5975.0,172.282566,3.067857142857138,173.805
2023-05-15,AAPL,173.13,173.2,171.47,172.1,465697.0,5267.0,172.120197,3.00928571428571,172.545
2023-05-16,AAPL,172.0,173.11,171.83,172.11,824869.0,7650.0,172.357564,2.923571428571425,172.1
2023-05-17,AAPL,171.68,172.91,170.435,172.68,753167.0,7792.0,171.750872,2.7610714285714244,172.11
2023-05-18,AAPL,173.09,175.23,172.59,175.065,869339.0,7859.0,174.245901,2.8099999999999943,172.68
2023-05-19,AAPL,176.24,176.26,174.95,175.19,740033.0,7629.0,175.586349,2.775357142857138,175.065
2023-05-22,AAPL,174.09,174.695,173.48,174.25,544613.0,7287.0,174.15285,2.699642857142852,175.19
2023-05-23,AAPL,173.095,173.33,171.275,171.57,803197.0,7596.0,172.294435,2.645714285714281,174.25
2023-05-24,AAPL,171.04,172.41,170.575,171.83,677599.0,6635.0,171.467565,2.5528571428571394,171.57
2023-05-25,AAPL,172.61,173.89,171.7,173.025,934931.0,9289.0,172.930099,2.097142857142854,171.83
2023-05-26,AAPL,173.27,175.73,173.16,175.33,692822.0,6935.0,175.156031,2.1685714285714255,173.025
2023-05-30,AAPL,176.935,178.95,176.6,177.29,1046992.0,9417.0,177.459361,2.2928571428571383,175.33
2023-05-31,AAPL,177.31,179.335,176.8,177.425,1185605.0,10051.0,178.279878,2.3160714285714255,177.29
2023-06-01,AAPL,177.71,180.105,176.945,180.105,949954.0,11353.0,179.03547,2.3721428571428538,177.425
2023-06-02,AAPL,181.09,181.74,179.27,180.89,893320.0,8549.0,180.627181,2.331071428571424,180.105
2023-06-05,AAPL,182.67,184.95,178.04,179.685,2085987.0,17903.0,181.90016,2.7010714285714243,180.89
2023-06-06,AAPL,179.985,180.07,177.445,179.19,1132662.0,11557.0,178.57052,2.7971428571428527,179.685
2023-06-07,AAPL,178.44,181.185,177.33,177.82,969870.0,9841.0,178.755332,2.895714285714281,179.19
2023-06-08,AAPL,177.92,180.825,177.47,180.56,707791.0,7695.0,179.579377,2.94678571428571,177.82
2023-06-09,AAPL,181.53,182.2,180.68,181.07,733481.0,7698.0,181.503779,2.970357142857137,180.56
2023-06-12,AAPL,181.285,183.885,180.97,183.835,1006313.0,9251.0,182.716965,3.056428571428565,181.07
2023-06-13,AAPL,182.755,184.14,182.44,183.31,804867.0,8644.0,183.179651,2.965357142857136,183.835
2023-06-14,AAPL,183.445,184.39,182.05,183.95,777714.0,8672.0,183.623829,3.001428571428562,183.31
2023-06-15,AAPL,184.07,186.51,183.78,185.99,952122.0,10551.0,185.500599,3.03999999999999,183.95
2023-06-16,AAPL,186.71,186.8,184.66,185.02,1054986.0,11210.0,185.340327,2.9996428571428493,185.99
2023-06-20,AAPL,184.57,186.08,184.52,185.03,699593.0,7461.0,185.38394,2.8524999999999943,185.02
2023-06-21,AAPL,184.76,185.39,182.605,183.93,833637.0,7889.0,184.027092,2.870357142857137,185.03
2023-06-22,AAPL,183.74,187.045,183.7,186.965,691321.0,7273.0,186.078879,2.8835714285714227,183.93
2023-06-23,AAPL,185.49,187.56,185.015,186.64,759877.0,8425.0,186.463272,2.888928571428567,186.965
2023-06-26,AAPL,186.83,187.995,185.24,185.32,784143.0,7773.0,186.432273,2.5921428571428526,186.64
2023-06-27,AAPL,185.91,188.39,185.685,188.04,1037113.0,8973.0,187.449918,2.6239285714285665,185.32
2023-06-28,AAPL,188.12,189.895,187.61,189.29,884623.0,8936.0,188.869036,2.51178571428571,188.04
2023-06-29,AAPL,189.23,190.03,188.95,189.595,680666.0,6839.0,189.493704,2.349285714285711,189.29
2023-06-30,AAPL,191.8,194.44,191.28,193.92,1333327.0,12216.0,192.862877,2.578214285714284,189.595
2023-07-03,AAPL,193.76,193.87,191.765,192.5,503190.0,5773.0,192.59156,2.52392857142857,193.92
2023-07-05,AAPL,191.67,192.98,190.64,191.335,695988.0,7498.0,191.710251,2.5696428571428567,192.5
2023-07-06,AAPL,189.91,192.01,189.22,191.835,646920.0,8149.0,190.671546,2.601785714285715,191.335
2023-07-07,AAPL,191.41,192.67,190.25,190.695,739144.0,8086.0,191.471728,2.579642857142858,191.835
2023-07-10,AAPL,189.26,189.98,187.05,188.62,1035040.0,10798.0,188.215583,2.6871428571428555,190.695
2023-07-11,AAPL,189.3,189.3,186.61,188.05,682882.0,7963.0,187.712841,2.767857142857141,188.62
2023-07-12,AAPL,189.75,191.68,188.48,189.75,881652.0,8918.0,190.021264,2.828214285714284,188.05
2023-07-13,AAPL,190.33,191.175,189.78,190.54,661341.0,6531.0,190.590789,2.6910714285714272,189.75
2023-07-14,AAPL,190.2,191.175,189.65,190.72,503785.0,6150.0,190.464316,2.618214285714284,190.54
2023-07-17,AAPL,191.97,194.31,191.82,193.91,793271.0,7374.0,193.321155,2.6778571428571416,190.72
2023-07-18,AAPL,193.34,194.27,192.42,193.72,793757.0,7765.0,193.273813,2.5907142857142866,193.91
2023-07-19,AAPL,193.08,198.21,192.65,195.085,1090273.0,11893.0,194.983253,2.8246428571428583,193.72
2023-07-20,AAPL,195.05,196.445,192.5,193.17,1014779.0,9782.0,194.269229,3.029285714285714,195.085
2023-07-21,AAPL,194.09,194.965,191.34,191.94,809136.0,7583.0,192.744939,2.942142857142857,193.17
2023-07-24,AAPL,193.43,194.87,192.295,192.75,607222.0,6148.0,193.343378,2.9975,191.94
2023-07-25,AAPL,193.405,194.44,192.96,193.64,615119.0,7950.0,193.893839,2.9510714285714283,192.75
2023-07-26,AAPL,193.67,195.64,193.36,194.51,584956.0,6260.0,194.324646,2.9146428571428555,193.64
2023-07-27,AAPL,196.06,197.195,192.59,193.24,859210.0,9493.0,194.837046,3.0707142857142844,194.51
2023-07-28,AAPL,194.65,196.61,194.14,195.82,700175.0,7470.0,195.813593,3.051071428571429,193.24
2023-07-31,AAPL,196.12,196.49,195.28,196.465,498162.0,5628.0,196.100589,2.945357142857144,195.82
2023-08-01,AAPL,196.21,196.7,195.28,195.66,417619.0,5374.0,195.853279,2.7875000000000005,196.465
2023-08-02,AAPL,195.09,195.12,191.855,192.62,736142.0,8882.0,192.961288,2.9575,195.66
2023-08-03,AAPL,191.545,192.37,190.86,191.08,1121803.0,10099.0,191.689844,2.9742857142857133,192.62
2023-08-04,AAPL,185.23,187.37,181.92,182.0,2194220.0,18703.0,184.199571,3.3721428571428578,191.08
2023-08-07,AAPL,182.16,183.09,177.35,178.86,2544490.0,20391.0,178.887518,3.6499999999999995,182.0
2023-08-08,AAPL,179.62,180.25,177.61,179.825,1024856.0,8214.0,178.843038,3.44142857142857,178.86
2023-08-09,AAPL,180.86,180.91,177.02,178.11,886140.0,9459.0,178.391401,3.437499999999998,179.825
2023-08-10,AAPL,179.53,180.725,177.6,178.01,692286.0,8309.0,179.03956,3.401785714285712,178.11
2023-08-11,AAPL,177.32,178.62,176.56,177.87,733202.0,8342.0,177.752382,3.339642857142855,178.01
2023-08-14,AAPL,177.93,179.68,177.31,179.49,694787.0,7521.0,178.749628,3.388214285714284,177.87
2023-08-15,AAPL,178.95,179.475,177.07,177.5,624057.0,6467.0,177.901358,3.3982142857142867,179.49
2023-08-16,AAPL,177.09,178.52,176.5,176.55,641595.0,6904.0,177.591067,3.213571428571431,177.5
2023-08-17,AAPL,177.14,177.49,173.49,173.98,1119433.0,11620.0,174.71509,3.258571428571431,176.55
2023-08-18,AAPL,172.04,175.04,171.97,174.49,913845.0,10071.0,173.710887,3.391428571428573,173.98
2023-08-21,AAPL,175.1,176.12,173.735,175.85,696863.0,8221.0,175.05441,3.4603571428571445,174.49
2023-08-22,AAPL,177.085,177.665,176.26,177.26,588790.0,6060.0,176.984371,3.3182142857142867,175.85
2023-08-23,AAPL,178.55,181.545,178.37,181.18,1020244.0,9665.0,180.654328,3.49857142857143,177.26
2023-08-24,AAPL,180.61,181.07,176.03,176.34,899107.0,9678.0,177.950609,3.212142857142857,181.18
2023-08-25,AAPL,177.63,179.14,175.86,178.635,742673.0,8050.0,177.766932,3.036428571428569,176.34
2023-08-28,AAPL,180.18,180.55,178.59,180.1,655876.0,7950.0,179.543297,2.9878571428571417,178.635
2023-08-29,AAPL,179.82,184.9,179.5,184.13,1115840.0,10613.0,183.181646,3.095714285714286,180.1
2023-08-30,AAPL,184.89,187.79,184.76,187.72,972006.0,9446.0,186.975065,3.1339285714285716,184.13
2023-08-31,AAPL,187.97,189.12,187.515,187.92,949007.0,9363.0,188.34038,3.1014285714285728,187.72
2023-09-01,AAPL,189.58,189.92,188.32,189.48,672446.0,8985.0,188.963086,3.0750000000000006,187.92
2023-09-05,AAPL,188.27,189.98,187.64,189.73,578512.0,6685.0,189.059968,3.0692857142857144,189.48
2023-09-06,AAPL,188.53,188.7,181.47,182.89,2109936.0,19100.0,183.690897,3.5149999999999983,189.73
2023-09-07,AAPL,175.22,178.205,173.55,177.585,2208228.0,20849.0,176.635416,3.8964285714285682,182.89
2023-09-08,AAPL,178.33,180.205,177.82,178.2,1138078.0,10804.0,179.143689,3.8642857142857117,177.585
2023-09-11,AAPL,180.14,180.3,177.345,179.36,910329.0,9714.0,178.768044,3.904999999999999,178.2
2023-09-12,AAPL,179.49,180.1,174.85,176.29,1457460.0,14201.0,176.633256,4.150357142857142,179.36
2023-09-13,AAPL,176.51,177.25,173.98,174.2,1914776.0,18329.0,175.136991,4.077857142857143,176.29
2023-09-14,AAPL,174.0,176.09,173.6,175.74,1153419.0,13219.0,175.352592,3.8878571428571433,174.2
2023-09-15,AAPL,176.48,176.48,173.825,174.95,1292908.0,13640.0,174.883506,3.8432142857142884,175.74
2023-09-18,AAPL,176.58,179.38,176.45,178.0,1125592.0,11648.0,177.901386,4.01964285714286,174.95
2023-09-19,AAPL,177.49,179.62,177.155,179.09,818853.0,9181.0,178.315573,3.8100000000000023,178.0
2023-09-20,AAPL,179.27,179.695,175.46,175.48,1000101.0,11232.0,177.06274,3.85107142857143,179.09
2023-09-21,AAPL,174.51,176.3,173.86,173.88,1003668.0,10489.0,175.044364,3.9107142857142856,175.48
2023-09-22,AAPL,174.69,177.07,174.07,174.75,1120529.0,11281.0,175.668033,3.9957142857142856,173.88
2023-09-25,AAPL,174.28,176.94,174.23,176.11,1093916.0,10060.0,175.564517,4.022142857142858,174.75
2023-09-26,AAPL,175.0,175.05,171.66,172.005,1368178.0,14540.0,172.770863,3.750000000000002,176.11
2023-09-27,AAPL,172.61,173.04,169.075,170.41,1903607.0,16489.0,170.484482,3.366071428571433,172.005
2023-09-28,AAPL,169.67,172.02,167.65,170.74,1247835.0,12063.0,170.327432,3.491071428571433,170.41
2023-09-29,AAPL,172.015,173.06,170.36,171.29,923134.0,12630.0,171.748396,3.472857142857145,170.74
2023-10-02,AAPL,171.12,174.3,171.04,173.73,938600.0,9998.0,173.270627,3.3307142857142895,171.29
2023-10-03,AAPL,172.37,173.62,170.82,172.51,810415.0,10382.0,172.120739,3.305000000000003,173.73
2023-10-04,AAPL,171.07,174.21,170.99,173.59,1031823.0,11468.0,172.884731,3.357142857142859,172.51
2023-10-05,AAPL,173.76,175.44,172.7,174.98,776932.0,11012.0,174.032664,3.3632142857142884,173.59
2023-10-06,AAPL,173.91,177.99,173.19,177.49,940691.0,13113.0,176.434062,3.38964285714286,174.98
2023-10-09,AAPL,176.65,179.045,175.83,179.01,584575.0,6551.0,177.953714,3.4432142857142867,177.49
2023-10-10,AAPL,178.12,179.71,177.96,178.41,864737.0,12287.0,178.728611,3.265714285714288,179.01
2023-10-11,AAPL,178.2,179.85,177.62,179.77,769706.0,7909.0,178.816503,3.250714285714287,178.41
2023-10-12,AAPL,180.02,182.34,179.045,180.69,1314252.0,11500.0,180.969126,3.2582142857142884,179.77
2023-10-13,AAPL,181.39,181.925,178.17,178.89,849143.0,9407.0,179.485423,3.3328571428571467,180.69
2023-10-16,AAPL,176.81,179.055,176.58,178.68,920268.0,9244.0,178.156051,3.1917857142857167,178.89
2023-10-17,AAPL,176.66,178.41,174.8,177.14,1083725.0,11263.0,176.742782,3.1857142857142873,178.68
2023-10-18,AAPL,175.55,177.575,175.12,175.8,857376.0,9118.0,176.377193,3.0489285714285717,177.14
2023-10-19,AAPL,175.97,177.815,175.21,175.47,1006321.0,10991.0,176.416649,3.0421428571428573,175.8
2023-10-20,AAPL,175.245,175.4,172.66,172.87,1249851.0,13285.0,173.761672,3.009999999999999,175.47
2023-10-23,AAPL,170.97,174.0,169.93,172.97,1200711.0,12422.0,172.201755,3.0928571428571416,172.87
2023-10-24,AAPL,173.05,173.67,171.49,173.39,951687.0,12367.0,172.636335,3.018571428571426,172.97
2023-10-25,AAPL,171.83,173.04,170.68,171.1,1255427.0,13870.0,171.568335,3.0164285714285666,173.39
2023-10-26,AAPL,170.51,171.34,165.71,166.77,1859226.0,19204.0,167.640144,3.07571428571428,171.1
2023-10-27,AAPL,166.955,168.95,166.855,168.29,1122338.0,11945.0,167.823565,3.0017857142857087,166.77
2023-10-30,AAPL,169.065,171.155,168.91,170.28,1254171.0,13098.0,170.061729,3.0814285714285665,168.29
2023-10-31,AAPL,169.27,170.9,167.94,170.73,825973.0,9926.0,169.754525,3.133571428571425,170.28
2023-11-01,AAPL,170.97,174.225,170.14,173.92,1570910.0,16171.0,172.342782,3.1899999999999955,170.73
2023-11-02,AAPL,175.51,177.74,175.47,177.65,2071914.0,19991.0,176.991477,3.1946428571428527,173.92
2023-11-03,AAPL,174.25,176.8,173.385,176.64,1859113.0,18496.0,175.506828,3.322499999999997,177.65
2023-11-06,AAPL,176.49,179.42,176.21,179.3,978100.0,10652.0,178.596597,3.274642857142853,176.64
2023-11-07,AAPL,179.21,182.44,178.98,181.88,1384648.0,14941.0,181.407334,3.346428571428569,179.3
2023-11-08,AAPL,182.29,183.435,181.62,182.89,862999.0,9599.0,182.628783,3.2899999999999983,181.88
2023-11-09,AAPL,182.93,184.07,181.82,182.48,906460.0,9572.0,182.889837,3.249999999999998,182.89
2023-11-10,AAPL,183.92,186.555,183.58,186.335,1769685.0,16304.0,185.1405,3.2503571428571427,182.48
2023-11-13,AAPL,185.83,186.015,184.24,184.76,899630.0,9956.0,184.78097,3.2442857142857155,186.335
2023-11-14,AAPL,187.63,188.1,186.34,187.41,1413535.0,13996.0,187.287638,3.2892857142857173,184.76
2023-11-15,AAPL,187.99,189.49,187.785,188.15,816730.0,9738.0,188.517853,3.0357142857142896,187.41
2023-11-16,AAPL,189.59,190.945,188.735,189.8,1032052.0,12849.0,189.704722,3.079642857142862,188.15
2023-11-17,AAPL,190.255,190.35,188.58,189.75,591204.0,7781.0,189.576962,3.001428571428574,189.8
2023-11-20,AAPL,189.995,191.9,189.94,191.52,716956.0,8736.0,191.306517,2.943571428571431,189.75
2023-11-21,AAPL,191.485,191.485,189.75,190.66,671770.0,7083.0,190.473286,2.7782142857142884,191.52
2023-11-22,AAPL,191.58,192.93,190.84,191.31,706624.0,7212.0,191.791659,2.6675000000000018,190.66
2023-11-24,AAPL,190.89,190.89,189.25,189.93,435850.0,6056.0,189.727891,2.510000000000001,191.31
2023-11-27,AAPL,189.96,190.67,188.94,189.79,575852.0,8367.0,189.770206,2.404285714285716,189.93
2023-11-28,AAPL,189.82,191.07,189.46,190.27,652256.0,7716.0,190.170172,2.2721428571428572,189.79
2023-11-29,AAPL,190.92,192.08,188.97,189.355,874963.0,11772.0,190.087129,2.3646428571428584,190.27
2023-11-30,AAPL,189.88,190.21,188.2,189.88,701221.0,8820.0,189.026218,2.347500000000003,189.355
2023-12-01,AAPL,190.305,191.55,189.235,191.21,1099323.0,11816.0,190.719622,2.2217857142857156,189.88
2023-12-04,AAPL,190.025,190.025,187.465,189.44,1074305.0,12318.0,188.728426,2.339642857142859,191.21
2023-12-05,AAPL,190.21,194.4,190.18,193.5,1450126.0,14612.0,193.269987,2.455357142857145,189.44
2023-12-06,AAPL,194.47,194.76,192.14,192.33,811100.0,9639.0,192.778463,2.493928571428573,193.5
2023-12-07,AAPL,193.63,194.99,193.59,194.2,820399.0,9711.0,194.494516,2.484285714285716,192.33
2023-12-08,AAPL,194.17,195.99,193.67,195.69,847965.0,9637.0,195.027471,2.5235714285714335,194.2
2023-12-11,AAPL,193.095,193.465,191.42,193.18,1349868.0,14676.0,192.548548,2.675000000000005,195.69
2023-12-12,AAPL,193.03,194.7,191.74,194.7,955319.0,10269.0,193.598094,2.760000000000003,193.18
2023-12-13,AAPL,194.99,197.985,194.94,197.86,1211959.0,12529.0,196.726625,2.832500000000004,194.7
2023-12-14,AAPL,198.08,199.615,196.165,198.16,2022949.0,16597.0,198.500899,2.9317857142857195,197.86
2023-12-15,AAPL,197.87,198.38,197.03,197.09,1092291.0,10891.0,197.68116,2.904642857142863,198.16
2023-12-18,AAPL,196.24,196.6,194.41,195.91,1161259.0,12399.0,195.412864,2.9810714285714357,197.09
2023-12-19,AAPL,196.11,196.95,195.89,196.92,757894.0,8618.0,196.402489,2.8346428571428635,195.91
2023-12-20,AAPL,196.89,197.675,194.905,194.945,1115769.0,11645.0,196.765548,2.888928571428577,196.92
2023-12-21,AAPL,196.15,197.07,193.525,194.7,932858.0,11548.0,194.764188,2.976785714285719,194.945
2023-12-22,AAPL,195.2,195.39,192.97,193.59,795698.0,10211.0,194.107088,2.8821428571428607,194.7
2023-12-26,AAPL,193.61,193.885,192.83,193.09,495620.0,6221.0,193.157106,2.6032142857142873,193.59
2023-12-27,AAPL,192.47,193.49,191.09,193.19,742071.0,9379.0,192.445941,2.5875000000000017,193.09
2023-12-28,AAPL,194.12,194.65,193.23,193.61,709838.0,9193.0,193.933398,2.5017857142857167,193.19
2023-12-29,AAPL,193.87,194.36,191.745,192.61,669836.0,8872.0,192.531979,2.5228571428571445,193.61
2024-01-02,AAPL,187.17,188.34,183.9,185.55,1795262.0,18557.0,185.842446,2.840000000000001,192.61
2024-01-03,AAPL,184.29,185.86,183.44,184.24,1057604.0,11052.0,184.265866,2.8014285714285756,185.55
2024-01-04,AAPL,181.95,183.07,180.885,182.0,1144583.0,11872.0,181.972833,2.806428571428575,184.24
2024-01-05,AAPL,181.81,182.74,180.18,181.09,1008242.0,12129.0,181.437927,2.742857142857145,182.0
2024-01-08,AAPL,182.11,185.59,181.555,185.535,886360.0,10601.0,184.007385,2.9678571428571456,181.09
2024-01-09,AAPL,183.93,185.13,182.73,185.07,822969.0,10460.0,184.285075,2.9767857142857173,185.535
2024-01-10,AAPL,184.33,186.39,183.935,186.13,938680.0,10480.0,184.937353,3.076428571428573,185.07
2024-01-11,AAPL,186.61,187.015,183.64,185.63,822741.0,9990.0,184.884711,3.119642857142858,186.13
2024-01-12,AAPL,186.07,186.68,185.2,185.83,540174.0,7269.0,185.789184,2.97214285714286,185.63
2024-01-16,AAPL,182.25,184.24,180.945,183.57,1015623.0,11915.0,182.503296,3.148214285714291,185.83
2024-01-17,AAPL,181.3,182.93,180.31,182.64,808734.0,9786.0,181.832214,3.305714285714292,183.57
2024-01-18,AAPL,186.06,189.135,185.89,188.7,1405733.0,13838.0,187.839478,3.598214285714292,182.64
2024-01-19,AAPL,189.35,191.945,188.845,191.55,1126703.0,12668.0,190.521167,3.7257142857142918,188.7
2024-01-22,AAPL,192.39,195.325,192.32,193.89,982662.0,10927.0,194.157271,3.8085714285714323,191.55
2024-01-23,AAPL,195.13,195.71,193.835,195.13,859426.0,9369.0,194.77337,3.3203571428571457,193.89
2024-01-24,AAPL,195.62,196.37,194.35,194.565,984417.0,10639.0,195.331256,3.2917857142857168,195.13
2024-01-25,AAPL,195.32,196.26,193.135,194.19,1197888.0,13098.0,194.870912,3.275357142857144,194.565
2024-01-26,AAPL,194.265,194.74,191.94,192.37,1046244.0,11044.0,193.255394,3.2925000000000018,194.19
2024-01-29,AAPL,192.06,192.2,189.615,191.765,773726.0,8112.0,191.220332,3.1678571428571445,192.37
2024-01-30,AAPL,190.87,191.78,187.47,188.0,1423865.0,15191.0,188.755877,3.275357142857144,191.765
2024-01-31,AAPL,187.04,187.04,184.41,184.41,1019028.0,12445.0,185.541644,3.356428571428574,188.0
2024-02-01,AAPL,183.9,186.9,183.84,186.88,1609313.0,16456.0,185.968566,3.3339285714285745,184.41
2024-02-02,AAPL,179.805,187.33,179.25,185.84,1859029.0,18368.0,184.745887,3.805357142857145,186.88
2024-02-05,AAPL,188.235,189.25,185.86,187.64,1332617.0,12597.0,187.835612,3.7000000000000006,185.84
2024-02-06,AAPL,186.87,189.3,186.79,189.3,1060730.0,10394.0,188.453003,3.6464285714285745,187.64
2024-02-07,AAPL,190.585,191.01,188.61,189.37,748945.0,8345.0,189.287549,3.3539285714285723,189.3
2024-02-08,AAPL,189.5,189.5,187.36,188.38,599296.0,7538.0,188.305291,3.2749999999999995,189.37
2024-02-09,AAPL,188.675,189.99,188.0,188.835,647934.0,7678.0,188.932162,3.1475000000000017,188.38
2024-02-12,AAPL,188.42,188.65,186.81,187.2,715865.0,8066.0,187.74444,3.158214285714288,188.835
2024-02-13,AAPL,185.81,186.19,183.53,185.085,901404.0,12188.0,184.95767,3.2760714285714294,187.2
2024-02-14,AAPL,185.29,185.46,182.44,184.02,962136.0,11764.0,183.358637,3.26857142857143,185.085
2024-02-15,AAPL,183.66,184.465,181.44,183.86,1262044.0,12956.0,182.585952,3.2846428571428583,184.02
2024-02-16,AAPL,183.45,184.82,181.685,182.3,1001401.0,10476.0,182.642808,3.311785714285715,183.86
2024-02-20,AAPL,181.775,182.42,180.01,181.64,1160868.0,13083.0,180.943704,3.176071428571429,182.3
2024-02-21,AAPL,182.05,182.88,180.685,182.32,524687.0,6809.0,181.840292,3.076428571428571,181.64
2024-02-22,AAPL,183.47,184.95,182.48,184.34,887144.0,10161.0,183.85355,3.045714285714285,182.32
2024-02-23,AAPL,185.015,185.015,182.31,182.5,644916.0,7906.0,182.976296,2.661785714285711,184.34
2024-02-26,AAPL,182.33,182.74,180.65,181.2,557749.0,7647.0,181.3234,2.5674999999999977,182.5
2024-02-27,AAPL,181.095,183.895,180.01,182.66,933013.0,11619.0,181.600284,2.6657142857142833,181.2
2024-02-28,AAPL,182.54,182.97,180.13,181.45,675525.0,7832.0,181.081743,2.6971428571428566,182.66
2024-02-29,AAPL,181.32,182.54,179.56,180.73,1344358.0,13951.0,180.614779,2.7571428571428567,181.45
2024-03-01,AAPL,179.66,180.48,177.38,179.64,1182815.0,12651.0,178.940437,2.8542857142857128,180.73
2024-03-04,AAPL,176.3,176.85,173.79,175.09,1705811.0,21331.0,174.759337,3.1274999999999977,179.64
2024-03-05,AAPL,170.8,172.02,169.64,170.13,1462313.0,14852.0,170.367208,3.254642857142857,175.09
2024-03-06,AAPL,171.115,171.21,168.71,169.11,909179.0,11875.0,169.541027,3.217499999999999,170.13
2024-03-07,AAPL,169.15,170.685,168.5,168.97,1216615.0,13510.0,169.345488,3.157499999999999,169.11
2024-03-08,AAPL,169.03,173.68,168.975,170.98,1143439.0,14317.0,171.734353,3.27,168.97
2024-03-11,AAPL,172.975,174.365,172.05,172.81,861917.0,11678.0,173.013749,3.339642857142859,170.98
2024-03-12,AAPL,173.15,174.02,171.035,173.2,947381.0,12767.0,172.772685,3.3960714285714317,172.81
2024-03-13,AAPL,172.82,173.145,170.8,171.13,767444.0,9386.0,171.424003,3.379642857142859,173.2
2024-03-14,AAPL,172.96,174.29,172.1,173.1,969761.0,12302.0,173.13111,3.41214285714286,171.13
2024-03-15,AAPL,171.51,172.6,170.31,172.59,1136598.0,13814.0,171.284886,3.462142857142859,173.1
2024-03-18,AAPL,175.63,177.7,173.525,173.68,914090.0,10563.0,175.942469,3.5496428571428567,172.59
2024-03-19,AAPL,174.34,176.605,173.03,176.1,821941.0,9644.0,175.533757,3.6021428571428555,173.68
2024-03-20,AAPL,175.64,178.61,175.12,178.61,705914.0,8511.0,176.973716,3.6385714285714283,176.1
2024-03-21,AAPL,177.055,177.475,170.85,171.38,1645615.0,17743.0,172.641385,3.95357142857143,178.61
2024-03-22,AAPL,171.76,173.05,170.07,172.27,948816.0,10638.0,171.867513,3.7485714285714318,171.38
2024-03-25,AAPL,170.47,171.93,169.45,170.89,794426.0,11141.0,170.708677,3.5607142857142895,172.27
2024-03-26,AAPL,170.05,171.38,169.63,169.89,637480.0,8682.0,170.436166,3.5071428571428607,170.89
2024-03-27,AAPL,170.45,173.6,170.13,173.355,976859.0,11341.0,172.527728,3.616071428571433,169.89
2024-03-28,AAPL,171.87,172.22,170.53,171.51,763045.0,8587.0,171.410035,3.481428571428574,173.355
2024-04-01,AAPL,171.195,171.21,169.485,169.97,578838.0,7834.0,170.040962,3.384285714285714,171.51
2024-04-02,AAPL,169.1,169.34,168.27,168.93,775556.0,8822.0,168.920771,3.2924999999999978,169.97
2024-04-03,AAPL,168.735,170.67,168.62,169.74,663801.0,7948.0,169.906197,3.2674999999999983,168.93
2024-04-04,AAPL,170.65,171.905,168.84,168.86,737973.0,9203.0,170.218373,3.260714285714284,169.74
2024-04-05,AAPL,169.565,170.36,168.98,169.68,609765.0,7193.0,169.646929,3.1685714285714277,168.86
2024-04-08,AAPL,169.175,169.175,168.27,168.54,426750.0,5507.0,168.704113,2.904285714285714,169.68
2024-04-09,AAPL,168.79,170.065,168.35,169.7,554900.0,7574.0,169.090734,2.7714285714285722,168.54
2024-04-10,AAPL,168.9,169.06,167.12,167.73,648092.0,9853.0,168.005996,2.7064285714285705,169.7
2024-04-11,AAPL,168.26,175.455,168.185,175.04,1987855.0,14967.0,172.558248,2.7039285714285706,167.73
2024-04-12,AAPL,174.39,178.35,174.23,176.62,2326731.0,20577.0,176.252341,2.785357142857141,175.04
2024-04-15,AAPL,175.455,176.61,172.51,172.73,2005050.0,18996.0,174.345854,2.8774999999999977,176.62
2024-04-16,AAPL,171.69,173.75,168.27,169.34,1175534.0,12660.0,170.333464,3.1439285714285683,172.73
2024-04-17,AAPL,169.53,170.63,168.0,168.01,605430.0,8412.0,169.118244,3.0667857142857105,169.34
2024-04-18,AAPL,168.06,168.62,166.57,167.03,901199.0,9593.0,167.435454,3.0114285714285693,168.01
2024-04-19,AAPL,165.99,166.38,164.08,164.96,1032397.0,11948.0,165.060773,3.0774999999999983,167.03
2024-04-22,AAPL,165.53,167.25,164.78,165.91,934080.0,9921.0,166.034684,3.1324999999999994,164.96
2024-04-23,AAPL,165.35,167.05,165.03,166.81,782098.0,9223.0,166.483532,3.130357142857144,165.91
2024-04-24,AAPL,166.425,169.29,166.28,169.075,787955.0,8610.0,168.33696,3.1264285714285722,166.81
2024-04-25,AAPL,169.525,170.59,168.18,169.94,1291953.0,11262.0,169.565757,3.1914285714285717,169.075
2024-04-26,AAPL,169.96,171.32,169.19,169.19,536766.0,6736.0,170.147588,3.2428571428571433,169.94
2024-04-29,AAPL,173.4,176.03,173.145,173.48,1210678.0,11453.0,174.740879,3.6089285714285717,169.19
2024-04-30,AAPL,173.39,174.98,170.05,170.05,619499.0,8609.0,173.13489,3.7767857142857144,173.48
2024-05-01,AAPL,169.82,172.675,169.145,169.34,603050.0,6345.0,170.764459,3.4771428571428555,170.05
2024-05-02,AAPL,172.42,173.41,170.9,173.13,1356609.0,13697.0,172.316183,3.473571428571426,169.34
2024-05-03,AAPL,186.65,186.97,182.68,183.36,3997192.0,33331.0,184.610231,4.1685714285714255,173.13
2024-05-06,AAPL,182.38,184.14,180.43,181.62,1069082.0,11235.0,182.014122,4.042142857142854,183.36
2024-05-07,AAPL,183.59,184.89,181.33,182.35,850277.0,9678.0,182.873541,4.108571428571423,181.62
2024-05-08,AAPL,182.83,183.04,181.47,182.73,550059.0,6326.0,182.509883,4.074285714285708,182.35
2024-05-09,AAPL,182.635,184.65,182.14,184.62,778041.0,8324.0,183.844813,4.042857142857138,182.73
2024-05-10,AAPL,184.9,185.085,182.15,183.01,718467.0,7256.0,183.086128,4.076071428571424,184.62
2024-05-13,AAPL,185.465,187.1,184.64,186.28,1323520.0,11128.0,186.250584,4.223928571428567,183.01
2024-05-14,AAPL,187.775,188.245,186.305,187.38,582177.0,6585.0,187.394469,4.1492857142857105,186.28
2024-05-15,AAPL,187.97,190.63,187.38,189.73,889908.0,7647.0,189.812335,4.209285714285711,187.38
2024-05-16,AAPL,190.41,191.09,189.67,189.93,736398.0,6699.0,190.207032,4.158571428571427,189.73
2024-05-17,AAPL,189.22,190.79,189.22,189.865,436685.0,4004.0,189.948088,3.7821428571428544,189.93
2024-05-20,AAPL,189.295,191.91,189.03,191.045,964055.0,8770.0,191.225453,3.635714285714284,189.865
2024-05-21,AAPL,191.085,192.72,190.93,192.37,561888.0,5988.0,192.287412,3.5114285714285693,191.045
2024-05-22,AAPL,192.3,192.82,190.28,190.925,410858.0,4139.0,191.62025,3.402142857142855,192.37
2024-05-23,AAPL,190.96,190.97,186.635,186.91,724321.0,6959.0,188.460177,2.723214285714284,190.925
2024-05-24,AAPL,188.87,190.56,188.06,190.0,469969.0,4691.0,189.840155,2.718928571428571,186.91
2024-05-28,AAPL,191.53,192.98,189.13,190.1,838111.0,8188.0,190.784704,2.7396428571428584,190.0
2024-05-29,AAPL,189.65,192.24,189.61,190.37,743546.0,7539.0,191.242179,2.8153571428571444,190.1
2024-05-30,AAPL,190.75,192.175,190.65,191.28,707884.0,8456.0,191.490118,2.7650000000000006,190.37
2024-05-31,AAPL,191.345,192.56,189.915,192.31,1346295.0,9601.0,191.230036,2.7442857142857155,191.28
2024-06-03,AAPL,192.985,194.99,192.6,193.99,390603.0,4460.0,193.85831,2.64357142857143,192.31
2024-06-04,AAPL,194.845,195.295,193.14,194.31,517834.0,5720.0,194.24631,2.6571428571428584,193.99
2024-06-05,AAPL,195.39,196.885,194.905,195.87,856960.0,8954.0,195.942253,2.6089285714285717,194.31
2024-06-06,AAPL,195.72,196.49,194.175,194.435,568869.0,6670.0,195.507859,2.672857142857142,195.87
2024-06-07,AAPL,194.77,196.93,194.16,196.88,901606.0,9420.0,195.881184,2.758571428571429,194.435
2024-06-10,AAPL,196.905,197.23,192.24,193.15,1746307.0,14573.0,194.510262,2.9092857142857134,196.88
2024-06-11,AAPL,193.66,207.15,193.65,207.15,2713867.0,22998.0,202.770913,3.781428571428571,193.15
2024-06-12,AAPL,207.385,220.19,206.93,213.17,3330445.0,25670.0,215.430765,4.547142857142857,207.15
2024-06-13,AAPL,214.72,216.64,211.615,214.22,1704323.0,14105.0,213.914572,4.596428571428569,213.17
2024-06-14,AAPL,213.765,215.08,211.34,212.57,1048695.0,9849.0,212.656188,4.6028571428571405,214.22
2024-06-17,AAPL,213.275,218.93,212.81,216.67,1856996.0,16841.0,216.568855,4.782142857142857,212.57
2024-06-18,AAPL,217.63,218.61,213.0,214.38,1240896.0,11778.0,215.160912,4.995,216.67
2024-06-20,AAPL,213.995,214.22,208.87,209.55,887236.0,9832.0,211.026032,5.259642857142857,214.38
2024-06-21,AAPL,210.39,211.85,207.215,207.215,1486160.0,13057.0,209.73777,5.401785714285713,209.55
2024-06-24,AAPL,207.7,212.65,206.65,208.29,693762.0,8182.0,209.226893,5.638928571428569,207.215
2024-06-25,AAPL,209.125,211.335,208.635,209.17,468769.0,6519.0,209.925963,5.702499999999999,208.29
2024-06-26,AAPL,211.48,214.825,210.69,213.17,895570.0,8752.0,213.002481,5.922499999999999,209.17
2024-06-27,AAPL,214.74,215.7,212.395,214.11,760763.0,8768.0,213.921155,5.993214285714283,213.17
2024-06-28,AAPL,215.83,216.045,210.31,210.61,1405664.0,12229.0,213.616389,6.2049999999999965,214.11
2024-07-01,AAPL,212.16,217.505,211.95,216.7,849200.0,9579.0,215.364875,6.341071428571425,210.61
2024-07-02,AAPL,216.16,220.35,215.14,220.35,611120.0,6456.0,218.843448,5.713214285714282,216.7
2024-07-03,AAPL,219.93,221.53,219.045,221.53,568282.0,6229.0,220.442743,4.943571428571427,220.35
2024-07-05,AAPL,221.705,226.445,221.68,226.35,762352.0,9109.0,224.833265,4.935714285714285,221.53
2024-07-08,AAPL,227.125,227.84,223.27,227.81,624992.0,7755.0,226.115526,4.994999999999998,226.35
2024-07-09,AAPL,228.23,229.38,226.38,228.69,514553.0,6075.0,228.188247,4.754999999999997,227.81
2024-07-10,AAPL,229.38,233.06,229.31,232.93,1112322.0,12145.0,231.519155,4.666428571428568,228.69
2024-07-11,AAPL,231.425,232.3,225.78,227.66,812486.0,10931.0,228.72584,4.783571428571427,232.93
2024-07-12,AAPL,229.03,232.61,228.685,230.27,753812.0,8833.0,231.180272,4.806071428571428,227.66
2024-07-15,AAPL,236.63,237.16,233.115,234.43,582872.0,7583.0,235.162714,4.869642857142856,230.27
2024-07-16,AAPL,235.205,236.25,232.38,234.83,488572.0,6294.0,234.225632,4.928571428571426,234.43
2024-07-17,AAPL,229.46,231.35,226.685,228.96,845050.0,9907.0,228.899229,5.10642857142857,234.83
2024-07-18,AAPL,230.29,230.29,222.45,224.21,694929.0,8682.0,225.130049,5.430357142857143,228.96
2024-07-19,AAPL,224.88,226.77,223.31,224.44,434480.0,4403.0,224.74987,5.267857142857145,224.21
2024-07-22,AAPL,227.335,227.77,223.18,224.16,472525.0,5263.0,225.339047,5.103214285714289,224.44
2024-07-23,AAPL,224.365,226.925,222.68,224.92,465219.0,7179.0,225.133771,5.034285714285717,224.16
2024-07-24,AAPL,224.115,224.765,217.165,218.585,1005989.0,13651.0,218.912417,5.410714285714287,224.92
2024-07-25,AAPL,218.88,220.81,214.64,217.42,642703.0,7440.0,218.018176,5.500357142857147,218.585
2024-07-26,AAPL,218.94,219.48,216.04,218.03,661067.0,7218.0,217.760339,5.419642857142861,217.42
2024-07-29,AAPL,217.375,219.28,215.79,218.185,381966.0,5090.0,218.227041,5.454642857142862,218.03
2024-07-30,AAPL,219.3,220.27,216.12,218.68,559407.0,7035.0,218.264206,5.438928571428576,218.185
2024-07-31,AAPL,221.52,223.81,220.91,222.18,549326.0,6088.0,222.356755,5.294642857142861,218.68
2024-08-01,AAPL,224.34,224.4,217.03,218.51,1321543.0,14017.0,219.612903,5.467500000000003,222.18
2024-08-02,AAPL,219.06,225.57,217.77,219.81,2263645.0,22071.0,222.368742,5.532500000000003,218.51
2024-08-05,AAPL,199.16,213.45,196.0,209.23,2582819.0,26570.0,207.884633,6.956785714285717,219.81
2024-08-06,AAPL,205.38,209.98,201.1,207.14,1429961.0,15688.0,206.723453,7.009285714285716,209.23
2024-08-07,AAPL,206.9,213.625,206.45,209.81,724474.0,8202.0,211.291037,6.961785714285717,207.14
2024-08-08,AAPL,213.09,214.2,208.91,213.35,838953.0,10071.0,212.6759,7.092500000000001,209.81
2024-08-09,AAPL,212.06,216.74,211.99,216.16,911230.0,10668.0,215.063684,7.103928571428573,213.35
2024-08-12,AAPL,216.07,219.5,215.63,217.6,564185.0,7383.0,217.557576,7.077142857142858,216.16
2024-08-13,AAPL,219.185,221.87,219.185,221.21,589109.0,7359.0,220.938714,6.828214285714288,217.6
2024-08-14,AAPL,220.51,223.0,219.7,221.63,620996.0,7084.0,221.481998,6.623214285714288,221.21
2024-08-15,AAPL,224.6,225.35,222.8,224.69,720255.0,8952.0,224.54636,6.643214285714287,221.63
2024-08-16,AAPL,223.98,226.8,223.67,226.06,459595.0,6508.0,225.387631,6.617500000000002,224.69
2024-08-19,AAPL,225.57,225.93,223.07,225.82,637982.0,7494.0,224.534087,6.5346428571428605,226.06
2024-08-20,AAPL,225.83,227.165,225.515,226.53,518769.0,7091.0,226.51804,6.286071428571432,225.82
2024-08-21,AAPL,226.58,227.97,225.24,226.32,576993.0,6637.0,226.395561,5.95464285714286,226.53
2024-08-22,AAPL,227.59,228.32,223.91,224.7,750261.0,10006.0,225.711204,5.712500000000004,226.32
2024-08-23,AAPL,225.96,228.22,224.36,226.8,746287.0,8600.0,226.607476,4.287500000000002,224.7
2024-08-26,AAPL,226.745,227.27,223.93,227.24,537463.0,8641.0,225.698481,3.8917857142857173,226.8
2024-08-27,AAPL,225.995,228.845,224.93,228.13,580021.0,7427.0,227.709967,3.658928571428573,227.24
2024-08-28,AAPL,228.025,229.85,225.74,226.395,666448.0,8964.0,227.60622,3.5746428571428583,228.13
2024-08-29,AAPL,230.1,232.92,228.89,229.83,962928.0,13092.0,231.297605,3.701428571428571,226.395
2024-08-30,AAPL,230.23,230.38,227.5,228.88,732245.0,9799.0,228.697243,3.6307142857142845,229.83
2024-09-03,AAPL,228.59,229.0,221.24,222.72,893528.0,12525.0,223.596085,3.8799999999999977,228.88
2024-09-04,AAPL,221.72,221.75,217.49,220.73,1276056.0,13621.0,219.615737,4.017857142857139,222.72
2024-09-05,AAPL,221.64,225.47,221.64,222.29,666252.0,8511.0,223.228101,4.090714285714283,220.73
2024-09-06,AAPL,223.94,225.23,219.83,220.95,1049899.0,12497.0,222.140792,4.2528571428571365,222.29
2024-09-09,AAPL,221.03,221.24,216.72,220.95,1606171.0,19385.0,219.101326,4.36214285714285,220.95
2024-09-10,AAPL,218.86,221.455,216.78,220.1,957648.0,11418.0,219.375388,4.57821428571428,220.95
2024-09-11,AAPL,221.29,223.07,217.91,222.56,844135.0,10217.0,220.808316,4.751785714285709,220.1
2024-09-12,AAPL,222.39,223.535,219.84,222.85,677459.0,8534.0,222.269937,4.700714285714279,222.56
2024-09-13,AAPL,223.79,224.0,222.0,222.42,637521.0,7783.0,222.949301,4.567857142857138,222.85
2024-09-16,AAPL,216.6,217.2,213.94,216.46,1439907.0,15791.0,215.759954,4.934999999999994,222.42
2024-09-17,AAPL,215.75,216.895,214.5,216.85,949661.0,10436.0,216.089835,4.826428571428567,216.46
2024-09-18,AAPL,217.55,222.63,217.55,220.83,1204282.0,13529.0,220.486185,4.945714285714282,216.85
2024-09-19,AAPL,225.095,229.795,224.65,228.905,2617911.0,20717.0,228.67998,5.1199999999999966,220.83
2024-09-20,AAPL,229.98,233.075,227.68,228.535,3617727.0,27153.0,230.841028,5.299642857142852,228.905
2024-09-23,AAPL,227.18,229.44,225.85,226.49,1013326.0,13830.0,227.116283,5.0017857142857105,228.535
2024-09-24,AAPL,228.645,229.34,225.75,227.46,716012.0,9408.0,227.121693,4.884642857142855,226.49
2024-09-25,AAPL,224.99,227.26,224.02,226.36,917606.0,10877.0,225.592219,4.7917857142857105,227.46
2024-09-26,AAPL,227.57,228.45,225.515,227.665,876871.0,10562.0,227.232713,4.615714285714284,226.36
2024-09-27,AAPL,228.57,229.495,227.3,227.73,718703.0,9674.0,228.236908,4.449642857142854,227.665
2024-09-30,AAPL,230.04,233.0,229.68,232.85,929770.0,11761.0,231.79214,4.492142857142854,227.73
2024-10-01,AAPL,229.52,229.58,223.75,226.205,1491424.0,16829.0,225.654022,4.773571428571425,232.85
2024-10-02,AAPL,226.095,227.35,223.03,226.77,813257.0,8905.0,225.932789,4.818214285714283,226.205
2024-10-03,AAPL,225.14,226.805,223.33,225.6,790847.0,8995.0,224.810223,4.923571428571425,226.77
2024-10-04,AAPL,227.92,227.96,224.17,226.69,920089.0,11005.0,225.555987,4.588571428571427,225.6
2024-10-07,AAPL,224.47,225.68,221.33,221.74,818946.0,9531.0,223.854019,4.800357142857139,226.69
2024-10-08,AAPL,224.26,225.97,223.28,225.79,746690.0,9847.0,225.083015,4.689642857142853,221.74
2024-10-09,AAPL,225.17,229.745,224.92,229.51,684369.0,8521.0,228.283302,4.39392857142857,225.79
2024-10-10,AAPL,227.8,229.49,227.17,229.03,455382.0,6658.0,228.425597,4.175714285714286,229.51
2024-10-11,AAPL,229.395,229.395,227.37,227.51,544805.0,6684.0,228.191596,4.063928571428572,229.03
2024-10-14,AAPL,228.72,231.73,228.65,231.3,691749.0,7979.0,230.659248,4.108928571428572,227.51
2024-10-15,AAPL,233.635,237.49,232.4,233.93,1152069.0,14301.0,235.047015,4.305357142857143,231.3
2024-10-16,AAPL,231.6,232.09,229.85,231.72,717358.0,9252.0,230.822274,4.387142857142858,233.93
2024-10-17,AAPL,233.46,233.765,230.55,232.17,548744.0,7104.0,231.990681,4.46,231.72
2024-10-18,AAPL,236.01,236.01,234.04,234.95,849948.0,9851.0,235.175112,4.357857142857142,232.17
2024-10-21,AAPL,234.785,236.8,234.54,236.48,555366.0,7525.0,235.833979,3.8692857142857155,234.95
2024-10-22,AAPL,233.86,236.18,232.67,235.89,562790.0,6699.0,234.461771,3.8328571428571445,236.48
2024-10-23,AAPL,234.1,235.13,227.77,230.675,1283638.0,14930.0,230.922008,4.164642857142858,235.89
2024-10-24,AAPL,229.97,230.815,228.42,230.6,801959.0,9280.0,229.872667,4.0649999999999995,230.675
2024-10-25,AAPL,229.74,233.12,229.6,231.22,613894.0,7913.0,231.885184,3.93357142857143,230.6
2024-10-28,AAPL,233.32,234.71,232.565,233.51,577877.0,7828.0,233.755929,3.8807142857142884,231.22
2024-10-29,AAPL,233.2,234.325,232.36,233.73,520565.0,7227.0,233.592443,3.676428571428571,233.51
2024-10-30,AAPL,232.655,233.22,229.57,230.16,1092531.0,12936.0,231.002701,3.806428571428571,233.73
2024-10-31,AAPL,229.24,229.81,225.46,225.73,1473753.0,15512.0,227.572394,3.9974999999999983,230.16
2024-11-01,AAPL,220.82,225.33,220.33,222.86,1509039.0,15037.0,222.761729,4.081785714285711,225.73
2024-11-04,AAPL,221.08,222.78,219.73,222.07,765975.0,10069.0,221.794262,3.8632142857142844,222.86
2024-11-05,AAPL,221.81,223.945,221.81,223.48,544210.0,7798.0,222.999027,3.724285714285711,222.07
2024-11-06,AAPL,222.6,226.045,221.23,222.59,1776205.0,17977.0,224.157896,3.838571428571427,223.48
2024-11-07,AAPL,224.67,227.875,224.61,227.405,750937.0,9162.0,226.690966,3.9417857142857122,222.59
2024-11-08,AAPL,227.3,228.63,226.405,227.16,619490.0,8993.0,227.338315,3.9392857142857105,227.405
2024-11-11,AAPL,224.91,225.68,221.5,224.26,1143417.0,14511.0,223.279886,4.071428571428568,227.16
2024-11-12,AAPL,224.575,225.545,223.36,224.26,1003430.0,13212.0,224.450431,3.647499999999996,224.26
2024-11-13,AAPL,223.935,226.63,222.79,225.19,936950.0,11701.0,224.973263,3.750714285714281,224.26
2024-11-14,AAPL,225.0,228.84,225.0,228.3,966299.0,13314.0,227.168558,3.7735714285714232,225.19
2024-11-15,AAPL,225.92,226.88,224.28,224.95,742110.0,10234.0,224.976987,3.8114285714285665,228.3
2024-11-18,AAPL,225.3,229.735,225.17,228.16,719007.0,10442.0,228.004347,4.012857142857142,224.95
2024-11-19,AAPL,226.74,230.16,226.73,228.21,632129.0,8190.0,228.731541,3.960714285714285,228.16
2024-11-20,AAPL,228.05,229.92,225.9,229.0,509286.0,7783.0,227.6071,3.912142857142856,228.21
2024-11-21,AAPL,228.785,230.13,225.72,228.48,985294.0,11131.0,228.337011,3.8414285714285716,229.0
2024-11-22,AAPL,228.23,230.71,228.175,229.75,827598.0,9155.0,229.656916,3.7989285714285694,228.48
2024-11-25,AAPL,231.49,233.24,229.74,232.89,860206.0,10483.0,231.678886,3.89642857142857,229.75
2024-11-26,AAPL,233.43,235.55,233.43,234.98,693660.0,9245.0,234.788591,3.7425000000000006,232.89
2024-11-27,AAPL,234.66,235.62,233.84,234.99,467635.0,6491.0,234.748937,3.4921428571428583,234.98
2024-11-29,AAPL,234.805,237.8,233.97,237.39,549571.0,6693.0,236.233616,3.6067857142857167,234.99
2024-12-02,AAPL,237.33,240.76,237.18,239.635,745588.0,9239.0,239.570478,3.4582142857142872,237.39
2024-12-03,AAPL,239.9,242.76,238.99,242.65,886105.0,10549.0,241.389563,3.5714285714285734,239.635
2024-12-04,AAPL,242.86,244.1,241.26,242.94,760420.0,11042.0,242.976694,3.500000000000002,242.65
2024-12-05,AAPL,244.06,244.455,242.195,243.07,827553.0,9601.0,242.963756,3.38714285714286,242.94
2024-12-06,AAPL,242.96,244.625,242.12,242.69,672959.0,8640.0,243.328777,3.2789285714285734,243.07
2024-12-09,AAPL,241.865,247.24,241.8,246.89,978692.0,12728.0,245.878582,3.325714285714286,242.69
2024-12-10,AAPL,246.91,248.205,245.35,247.81,812772.0,10225.0,247.035049,3.2846428571428583,246.89
2024-12-11,AAPL,247.96,250.77,246.275,246.455,738775.0,9000.0,248.418374,3.318571428571431,247.81
2024-12-12,AAPL,246.93,248.73,245.75,248.02,622093.0,9600.0,247.760777,3.2164285714285734,246.455
2024-12-13,AAPL,247.91,249.245,246.25,248.08,639940.0,7516.0,247.478336,3.2492857142857168,248.02
2024-12-16,AAPL,247.955,251.355,247.73,251.03,926663.0,10050.0,250.142118,3.2582142857142884,248.08
2024-12-17,AAPL,250.19,253.8,249.87,253.5,1407054.0,15912.0,252.832024,3.348928571428573,251.03
2024-12-18,AAPL,252.22,254.265,247.74,247.95,1377103.0,16002.0,251.490221,3.6878571428571427,253.5
2024-12-19,AAPL,247.46,251.84,247.11,249.73,1265123.0,16193.0,250.127927,3.752142857142855,247.95
2024-12-20,AAPL,248.175,255.0,246.335,254.6,1193742.0,13890.0,252.137407,4.115357142857142,249.73
2024-12-23,AAPL,254.84,255.615,253.45,254.26,315725.0,3431.0,254.578456,4.000714285714287,254.6
2024-12-24,AAPL,255.52,258.19,255.36,258.18,456446.0,5399.0,257.205731,4.07857142857143,254.26
2024-12-26,AAPL,258.355,260.1,257.68,259.15,491615.0,6500.0,258.976629,4.090000000000002,258.18
2024-12-27,AAPL,257.93,258.64,253.07,255.635,912043.0,10684.0,254.970835,4.345357142857144,259.15
2024-12-30,AAPL,252.085,253.5,250.75,252.15,857519.0,10886.0,252.286198,4.305714285714286,255.635
