timestamp,open,high,low,close,volume,trade_count,vwap
2023-01-03 05:00:00+00:00,384.37,386.43,377.831,380.82,74850731.0,590240.0,380.745269
2023-01-04 05:00:00+00:00,383.18,385.88,380.0,383.76,85934098.0,632808.0,383.265078
2023-01-05 05:00:00+00:00,381.72,381.84,378.76,379.38,76970456.0,530899.0,380.035868
2023-01-06 05:00:00+00:00,382.61,389.25,379.4127,388.08,104026233.0,685781.0,385.902328
2023-01-09 05:00:00+00:00,390.37,393.7,387.67,387.86,73978071.0,549428.0,390.656766
2023-01-10 05:00:00+00:00,387.25,390.65,386.27,390.58,65358094.0,471959.0,389.040646
2023-01-11 05:00:00+00:00,392.23,395.6,391.38,395.52,68881080.0,452704.0,393.616153
2023-01-12 05:00:00+00:00,396.67,398.485,392.42,396.96,90157699.0,665043.0,396.309109
2023-01-13 05:00:00+00:00,393.62,399.1,393.34,398.5,63859516.0,467201.0,396.718299
2023-01-17 05:00:00+00:00,398.48,400.23,397.06,397.77,62677281.0,437654.0,398.242945
2023-01-18 05:00:00+00:00,399.01,400.12,391.28,391.49,99632262.0,642981.0,394.70018
2023-01-19 05:00:00+00:00,389.36,391.08,387.26,388.64,86958919.0,548675.0,389.190535
2023-01-20 05:00:00+00:00,390.1,396.04,388.38,395.88,91540638.0,504225.0,392.969496
2023-01-23 05:00:00+00:00,396.72,402.645,395.72,400.63,84178797.0,568459.0,400.082313
2023-01-24 05:00:00+00:00,398.88,401.15,397.64,400.2,59524911.0,434104.0,399.84265
2023-01-25 05:00:00+00:00,395.95,400.7,393.56,400.35,84800251.0,583223.0,397.312324
2023-01-26 05:00:00+00:00,403.13,404.92,400.03,404.75,72287425.0,521284.0,402.67866
2023-01-27 05:00:00+00:00,403.655,408.16,403.44,405.68,68270538.0,494449.0,405.931049
2023-01-30 05:00:00+00:00,402.8,405.13,400.28,400.59,74202018.0,514525.0,402.146956
2023-01-31 05:00:00+00:00,401.13,406.53,400.77,406.48,86811786.0,512621.0,404.063925
2023-02-01 05:00:00+00:00,405.211,413.67,402.35,410.8,101459155.0,833210.0,407.75213
2023-02-02 05:00:00+00:00,414.86,418.31,412.88,416.78,101654463.0,724700.0,415.630859
2023-02-03 05:00:00+00:00,411.59,416.97,411.09,412.35,94630250.0,662995.0,413.730363
2023-02-06 05:00:00+00:00,409.79,411.29,408.1,409.83,60295325.0,461546.0,409.912605
2023-02-07 05:00:00+00:00,408.87,416.49,407.57,415.19,90990745.0,695519.0,411.944012
2023-02-08 05:00:00+00:00,413.13,414.53,409.93,410.65,76227462.0,529228.0,411.627628
2023-02-09 05:00:00+00:00,414.41,414.57,405.81,407.09,78694859.0,566609.0,409.784453
2023-02-10 05:00:00+00:00,405.86,408.44,405.01,408.04,70726597.0,488396.0,406.937113
2023-02-13 05:00:00+00:00,408.72,412.97,408.24,412.83,64913539.0,426599.0,411.58948
2023-02-14 05:00:00+00:00,411.24,415.05,408.511,412.64,88389313.0,627808.0,411.963394
2023-02-15 05:00:00+00:00,410.35,414.06,409.47,413.98,61685279.0,427502.0,412.009387
2023-02-16 05:00:00+00:00,408.79,412.91,408.14,408.28,76431469.0,583413.0,410.355226
2023-02-17 05:00:00+00:00,406.06,407.51,404.05,407.26,89166502.0,561230.0,405.822796
2023-02-21 05:00:00+00:00,403.06,404.16,398.82,399.09,82655924.0,559129.0,400.691052
2023-02-22 05:00:00+00:00,399.52,401.13,397.02,398.54,83742293.0,568097.0,398.939363
2023-02-23 05:00:00+00:00,401.56,402.2,396.25,400.66,96242399.0,740996.0,399.539795
2023-02-24 05:00:00+00:00,395.42,397.25,393.64,396.38,108144871.0,753684.0,395.377676
2023-02-27 05:00:00+00:00,399.87,401.29,396.75,397.73,80444736.0,592301.0,398.74887
2023-02-28 05:00:00+00:00,397.23,399.28,396.15,396.26,96438567.0,600688.0,397.587043
2023-03-01 05:00:00+00:00,395.41,396.69,393.38,394.74,99706823.0,699148.0,394.998211
2023-03-02 05:00:00+00:00,392.68,398.69,392.33,397.81,85404726.0,612512.0,395.376373
2023-03-03 05:00:00+00:00,399.71,404.45,399.03,404.19,90032260.0,642924.0,402.193907
2023-03-06 05:00:00+00:00,405.05,407.45,404.01,404.47,72795946.0,539397.0,405.601533
2023-03-07 05:00:00+00:00,404.42,404.67,397.625,398.27,108310596.0,776311.0,400.153357
2023-03-08 05:00:00+00:00,398.39,399.71,396.59,398.92,74746632.0,578078.0,398.186276
2023-03-09 05:00:00+00:00,399.74,401.48,390.53,391.56,111945322.0,849092.0,395.581285
2023-03-10 05:00:00+00:00,390.99,393.16,384.32,385.91,189443810.0,1382948.0,388.153271
2023-03-13 04:00:00+00:00,381.81,390.39,380.65,385.36,157748594.0,1390572.0,386.165088
2023-03-14 04:00:00+00:00,390.5,393.45,387.05,391.73,149752357.0,1032582.0,390.723432
2023-03-15 04:00:00+00:00,385.89,389.49,383.71,389.28,172976539.0,1334145.0,386.723831
2023-03-16 04:00:00+00:00,386.82,396.47,386.29,396.11,143753940.0,999801.0,392.935123
2023-03-17 04:00:00+00:00,393.22,394.4,388.55,389.99,140069974.0,919378.0,390.746594
2023-03-20 04:00:00+00:00,390.8,394.17,390.07,393.74,93055783.0,725425.0,392.564275
2023-03-21 04:00:00+00:00,397.24,399.41,395.58,398.91,91524248.0,629617.0,397.454895
2023-03-22 04:00:00+00:00,398.73,402.49,392.07,392.11,111746583.0,874190.0,397.986282
2023-03-23 04:00:00+00:00,395.09,399.29,390.35,393.17,119351319.0,871935.0,394.846128
2023-03-24 04:00:00+00:00,391.841,395.84,389.4,395.75,107684280.0,806051.0,392.872352
2023-03-27 04:00:00+00:00,398.12,398.92,395.56,396.49,74010408.0,569544.0,397.047641
2023-03-28 04:00:00+00:00,395.77,396.49,393.69,395.6,62871680.0,494862.0,395.150028
2023-03-29 04:00:00+00:00,399.925,401.6,398.68,401.35,77497876.0,553838.0,400.203727
2023-03-30 04:00:00+00:00,404.09,404.35,401.76,403.7,69840049.0,516344.0,403.277749
2023-03-31 04:00:00+00:00,404.66,409.7,404.55,409.39,111956715.0,694257.0,407.434197
2023-04-03 04:00:00+00:00,408.85,411.37,408.44,410.95,67391097.0,569791.0,409.98359
2023-04-04 04:00:00+00:00,411.62,411.92,407.24,408.67,66601534.0,537050.0,409.142902
2023-04-05 04:00:00+00:00,407.91,408.7,405.88,407.6,65200243.0,524249.0,407.224848
2023-04-06 04:00:00+00:00,406.77,409.48,405.678,409.19,63743345.0,482110.0,407.996383
2023-04-10 04:00:00+00:00,406.61,409.69,405.97,409.61,63681042.0,468057.0,407.832289
2023-04-11 04:00:00+00:00,410.26,411.18,408.92,409.72,59297945.0,402951.0,410.065427
2023-04-12 04:00:00+00:00,411.87,412.17,407.44,408.05,86420379.0,639356.0,409.703665
2023-04-13 04:00:00+00:00,409.18,413.84,407.9922,413.47,85814754.0,566796.0,411.780016
2023-04-14 04:00:00+00:00,412.81,415.09,410.06,412.46,78135828.0,592073.0,412.133862
2023-04-17 04:00:00+00:00,412.37,413.96,411.085,413.94,66424139.0,477935.0,412.522809
2023-04-18 04:00:00+00:00,415.58,415.72,412.7802,414.21,63559997.0,493081.0,414.06363
2023-04-19 04:00:00+00:00,412.22,415.08,412.16,414.14,55227330.0,420720.0,413.658114
2023-04-20 04:00:00+00:00,411.21,413.7,410.27,411.88,75840359.0,546274.0,411.935504
2023-04-21 04:00:00+00:00,412.19,412.68,410.17,412.2,73434638.0,480045.0,411.703492
2023-04-24 04:00:00+00:00,411.99,413.07,410.6,412.63,64332095.0,463295.0,412.026933
2023-04-25 04:00:00+00:00,410.58,411.16,406.02,406.08,97766721.0,611558.0,408.10173
2023-04-26 04:00:00+00:00,406.72,407.84,403.78,404.36,80447049.0,571685.0,405.666106
2023-04-27 04:00:00+00:00,407.0,412.69,406.74,412.41,92968369.0,614869.0,410.230423
2023-04-28 04:00:00+00:00,411.49,415.94,411.43,415.93,89312589.0,611065.0,414.408081
2023-05-01 04:00:00+00:00,415.47,417.62,415.265,415.51,62122254.0,502374.0,416.254411
2023-05-02 04:00:00+00:00,414.77,414.82,407.82,410.84,103998484.0,750845.0,410.494823
2023-05-03 04:00:00+00:00,411.36,413.87,407.77,408.02,91531769.0,737915.0,410.858464
2023-05-04 04:00:00+00:00,406.93,407.27,403.74,405.13,94901863.0,716763.0,405.369131
2023-05-05 04:00:00+00:00,408.91,413.72,408.64,412.63,87832433.0,577848.0,411.604143
2023-05-08 04:00:00+00:00,412.97,413.24,411.28,412.74,50046768.0,422762.0,412.479657
2023-05-09 04:00:00+00:00,411.13,412.09,410.6894,410.93,49220119.0,385994.0,411.300577
2023-05-10 04:00:00+00:00,413.88,414.535,408.87,412.85,96142922.0,691578.0,411.955869
2023-05-11 04:00:00+00:00,411.95,412.43,409.97,412.13,70157064.0,530526.0,411.350862
2023-05-12 04:00:00+00:00,413.42,413.64,409.07,411.59,70441226.0,500185.0,410.98957
2023-05-15 04:00:00+00:00,412.22,413.43,410.23,413.01,54289383.0,427865.0,412.048136
2023-05-16 04:00:00+00:00,411.86,412.815,410.24,410.25,57705495.0,447536.0,411.425832
2023-05-17 04:00:00+00:00,412.35,415.855,410.635,415.23,87286957.0,585039.0,413.86749
2023-05-18 04:00:00+00:00,414.9,419.67,414.67,419.23,97177195.0,672492.0,417.252302
2023-05-19 04:00:00+00:00,420.17,420.72,417.35,418.62,103625186.0,640868.0,418.932449
2023-05-22 04:00:00+00:00,418.64,420.39,417.35,418.79,60745399.0,493532.0,419.068605
2023-05-23 04:00:00+00:00,417.08,418.722,413.68,414.09,86383493.0,624936.0,415.863124
2023-05-24 04:00:00+00:00,412.42,412.82,409.8795,411.09,89213678.0,673415.0,411.050076
2023-05-25 04:00:00+00:00,414.74,416.16,412.4101,414.65,90961606.0,672404.0,414.136975
2023-05-26 04:00:00+00:00,415.33,420.77,415.25,420.02,93687752.0,625214.0,419.208624
2023-05-30 04:00:00+00:00,422.03,422.58,418.735,420.18,72215960.0,609042.0,420.454392
2023-05-31 04:00:00+00:00,418.28,419.22,416.22,417.85,111771940.0,665151.0,417.726299
2023-06-01 04:00:00+00:00,418.09,422.92,416.79,421.82,88865018.0,653408.0,420.514542
2023-06-02 04:00:00+00:00,424.5,428.74,423.95,427.92,91426171.0,678309.0,427.125566
2023-06-05 04:00:00+00:00,428.28,429.67,426.37,427.1,70216018.0,551798.0,428.039599
2023-06-06 04:00:00+00:00,426.67,428.5772,425.99,428.03,64022176.0,491102.0,427.538687
2023-06-07 04:00:00+00:00,428.44,429.62,426.11,426.55,85372762.0,582563.0,427.313278
2023-06-08 04:00:00+00:00,426.62,429.6,425.82,429.13,61952842.0,473941.0,428.248763
2023-06-09 04:00:00+00:00,429.96,431.99,428.87,429.9,85647169.0,594919.0,430.357809
2023-06-12 04:00:00+00:00,430.92,433.88,430.17,433.8,76256703.0,523160.0,431.998351
2023-06-13 04:00:00+00:00,435.32,437.33,434.63,436.66,95898626.0,672828.0,436.271556
2023-06-14 04:00:00+00:00,437.01,439.0612,433.59,437.18,100608099.0,712238.0,436.588374
2023-06-15 04:00:00+00:00,436.33,443.9,436.23,442.6,110301303.0,748181.0,441.025612
2023-06-16 04:00:00+00:00,443.02,443.6078,438.97,439.46,114164649.0,631588.0,440.933417
2023-06-20 04:00:00+00:00,437.45,438.37,435.03,437.18,76160359.0,550939.0,437.022449
2023-06-21 04:00:00+00:00,436.16,436.99,434.33,434.94,76982252.0,551344.0,435.457956
2023-06-22 04:00:00+00:00,433.95,436.62,433.6,436.51,70637175.0,479203.0,435.377934
2023-06-23 04:00:00+00:00,432.93,435.06,432.47,433.21,92075438.0,553269.0,433.605841
2023-06-26 04:00:00+00:00,432.62,434.61,431.19,431.44,72823560.0,509726.0,432.554648
2023-06-27 04:00:00+00:00,432.35,436.81,431.88,436.17,72813700.0,497930.0,434.836564
2023-06-28 04:00:00+00:00,435.05,437.44,434.41,436.39,75635976.0,537350.0,435.639277
2023-06-29 04:00:00+00:00,435.96,438.28,435.54,438.11,67882305.0,474149.0,437.242912
2023-06-30 04:00:00+00:00,441.44,444.3,441.11,443.28,102201286.0,581165.0,443.155802
2023-07-03 04:00:00+00:00,442.92,444.08,442.63,443.79,32501144.0,251275.0,443.529847
2023-07-05 04:00:00+00:00,441.91,443.889,441.9,443.13,58418434.0,415751.0,443.259394
2023-07-06 04:00:00+00:00,439.42,440.1,437.06,439.66,80658303.0,567513.0,438.738257
2023-07-07 04:00:00+00:00,438.63,442.64,438.3,438.55,86134179.0,530029.0,440.230389
2023-07-10 04:00:00+00:00,438.18,439.84,437.585,439.66,62443502.0,419236.0,438.899656
2023-07-11 04:00:00+00:00,440.45,442.97,439.44,442.46,64463753.0,455994.0,441.220616
2023-07-12 04:00:00+00:00,446.39,447.4799,444.91,446.02,91924527.0,585101.0,446.181568
2023-07-13 04:00:00+00:00,447.9,450.38,447.45,449.56,72425242.0,449369.0,448.876482
2023-07-14 04:00:00+00:00,450.475,451.36,448.49,449.28,69815823.0,484539.0,449.914943
2023-07-17 04:00:00+00:00,449.13,451.93,449.08,450.84,52680223.0,385757.0,450.54018
2023-07-18 04:00:00+00:00,450.5,454.86,450.0484,454.19,80744449.0,519351.0,453.220529
2023-07-19 04:00:00+00:00,455.01,456.43,454.1119,455.2,65891689.0,502907.0,455.518782
2023-07-20 04:00:00+00:00,454.17,455.1,451.44,452.18,70591643.0,532941.0,453.290805
2023-07-21 04:00:00+00:00,453.96,454.165,452.17,452.18,71275619.0,475417.0,453.038753
2023-07-24 04:00:00+00:00,453.37,455.04,452.298,454.2,54023384.0,400896.0,454.005663
2023-07-25 04:00:00+00:00,453.92,456.735,453.87,455.44,55191240.0,383335.0,455.463449
2023-07-26 04:00:00+00:00,454.47,456.99,453.38,455.51,71052885.0,527718.0,454.911179
2023-07-27 04:00:00+00:00,459.02,459.44,451.55,452.49,92194375.0,627051.0,455.493493
2023-07-28 04:00:00+00:00,455.88,457.78,452.4918,456.92,80011791.0,528395.0,456.623523
2023-07-31 04:00:00+00:00,457.41,458.16,456.045,457.79,62040450.0,438677.0,457.084331
2023-08-01 04:00:00+00:00,456.27,457.25,455.49,456.48,55502201.0,418014.0,456.383162
2023-08-02 04:00:00+00:00,453.25,453.52,449.3499,450.13,93933371.0,622259.0,451.088424
2023-08-03 04:00:00+00:00,448.04,450.79,447.37,448.84,64928592.0,486817.0,449.120949
2023-08-04 04:00:00+00:00,450.72,452.895,446.27,446.81,101621488.0,663141.0,449.335135
2023-08-07 04:00:00+00:00,448.71,450.865,447.99,450.71,58357466.0,445170.0,449.56755
2023-08-08 04:00:00+00:00,448.08,450.6952,445.2705,448.75,71361326.0,527040.0,447.102653
2023-08-09 04:00:00+00:00,449.03,449.1999,444.96,445.75,78789577.0,559468.0,447.046387
2023-08-10 04:00:00+00:00,448.19,451.7,444.7,445.91,93005596.0,680010.0,447.732813
2023-08-11 04:00:00+00:00,443.97,446.7007,443.345,445.65,68690903.0,502514.0,445.227517
2023-08-14 04:00:00+00:00,444.7,448.11,444.38,448.11,47867443.0,404518.0,446.707026
2023-08-15 04:00:00+00:00,446.27,446.64,442.3,442.89,75707535.0,540999.0,444.041957
2023-08-16 04:00:00+00:00,442.46,444.18,439.53,439.64,80107206.0,569003.0,441.737049
2023-08-17 04:00:00+00:00,441.16,441.43,435.75,436.29,95711317.0,582074.0,438.53454
2023-08-18 04:00:00+00:00,433.37,437.57,433.01,436.5,98851962.0,636961.0,435.523016
2023-08-21 04:00:00+00:00,437.55,440.11,435.32,439.34,68718959.0,524987.0,437.943555
2023-08-22 04:00:00+00:00,441.18,441.18,437.57,438.15,65062863.0,476084.0,438.849812
2023-08-23 04:00:00+00:00,439.25,443.67,439.1,443.03,68441023.0,469244.0,442.074486
2023-08-24 04:00:00+00:00,444.69,445.22,436.855,436.89,88517274.0,584152.0,440.18634
2023-08-25 04:00:00+00:00,438.68,441.3,435.0,439.97,102325105.0,651734.0,438.674896
2023-08-28 04:00:00+00:00,442.24,443.4,439.9728,442.76,61595395.0,457440.0,442.099326
2023-08-29 04:00:00+00:00,442.65,449.45,442.46,449.16,83081918.0,560023.0,447.340071
2023-08-30 04:00:00+00:00,449.51,451.67,448.78,451.01,69053913.0,480799.0,450.668427
2023-08-31 04:00:00+00:00,451.65,452.83,450.16,450.35,66084565.0,446692.0,451.450784
2023-09-01 04:00:00+00:00,453.17,453.67,449.68,451.19,58944100.0,444469.0,451.242431
2023-09-05 04:00:00+00:00,450.73,451.06,449.17,449.24,55166212.0,451488.0,450.022758
2023-09-06 04:00:00+00:00,448.4,448.51,443.81,446.22,70758514.0,535484.0,445.9379
2023-09-07 04:00:00+00:00,443.11,445.55,442.75,444.85,70355427.0,487844.0,444.444182
2023-09-08 04:00:00+00:00,444.9,447.11,444.53,445.52,62068439.0,405861.0,445.773127
2023-09-11 04:00:00+00:00,448.24,448.77,446.4699,448.45,60180120.0,432854.0,447.792508
2023-09-12 04:00:00+00:00,446.95,448.53,445.39,445.99,67565424.0,453020.0,446.730846
2023-09-13 04:00:00+00:00,446.22,447.71,445.0793,446.51,60199274.0,460627.0,446.610494
2023-09-14 04:00:00+00:00,449.07,451.08,447.715,450.36,83430816.0,508850.0,449.787728
2023-09-15 04:00:00+00:00,447.14,447.48,442.92,443.37,111907859.0,665595.0,444.532317
2023-09-18 04:00:00+00:00,443.05,444.97,442.56,443.63,55752214.0,412316.0,443.77274
2023-09-19 04:00:00+00:00,442.68,443.29,439.94,442.71,66514650.0,445860.0,441.776333
2023-09-20 04:00:00+00:00,444.01,444.435,438.43,438.64,82562603.0,507727.0,441.767343
2023-09-21 04:00:00+00:00,435.7,435.97,431.23,431.39,104095828.0,677716.0,433.531931
2023-09-22 04:00:00+00:00,432.45,434.1,429.99,430.42,100829685.0,637169.0,431.963913
2023-09-25 04:00:00+00:00,429.17,432.27,428.72,432.23,70874824.0,488035.0,430.821922
2023-09-26 04:00:00+00:00,429.09,429.82,425.02,425.88,96172890.0,633690.0,426.957824
2023-09-27 04:00:00+00:00,427.09,427.67,422.29,426.05,104707452.0,693420.0,425.318961
2023-09-28 04:00:00+00:00,425.48,430.2499,424.87,428.52,92258310.0,616077.0,428.075782
2023-09-29 04:00:00+00:00,431.67,431.85,425.91,427.48,115111320.0,745038.0,428.545486
2023-10-02 04:00:00+00:00,426.62,428.6,424.46,427.31,83798601.0,668260.0,426.261623
2023-10-03 04:00:00+00:00,425.06,427.3729,420.18,421.59,103760609.0,741557.0,422.128681
2023-10-04 04:00:00+00:00,422.07,425.4299,420.56,424.66,87452970.0,645255.0,423.107614
2023-10-05 04:00:00+00:00,424.36,425.37,421.1701,424.5,70142746.0,532999.0,423.455001
2023-10-06 04:00:00+00:00,421.97,431.125,420.6,429.54,113273311.0,737828.0,427.159248
2023-10-09 04:00:00+00:00,427.58,432.88,427.0101,432.29,80374364.0,509698.0,430.205437
2023-10-10 04:00:00+00:00,432.94,437.22,432.53,434.54,78607270.0,559799.0,435.140075
2023-10-11 04:00:00+00:00,435.64,436.58,433.18,436.32,62451738.0,452206.0,435.052404
2023-10-12 04:00:00+00:00,436.95,437.335,431.23,433.66,81154231.0,607473.0,434.358332
2023-10-13 04:00:00+00:00,435.21,436.45,429.88,431.5,95201134.0,665922.0,432.309892
2023-10-16 04:00:00+00:00,433.82,437.14,433.57,436.04,75433196.0,540501.0,435.890333
2023-10-17 04:00:00+00:00,432.81,438.14,432.45,436.02,75324710.0,579314.0,435.375516
2023-10-18 04:00:00+00:00,434.19,435.18,429.09,430.21,93559799.0,691077.0,432.050355
2023-10-19 04:00:00+00:00,430.95,432.82,425.725,426.43,121322959.0,880806.0,429.01525
2023-10-20 04:00:00+00:00,425.98,426.54,421.08,421.19,123919876.0,733333.0,423.093437
2023-10-23 04:00:00+00:00,419.61,424.45,417.8,420.46,92035097.0,668638.0,421.493013
2023-10-24 04:00:00+00:00,422.65,424.82,420.74,423.63,78564241.0,579424.0,423.120458
2023-10-25 04:00:00+00:00,421.89,421.92,417.015,417.55,94223200.0,753892.0,418.906854
2023-10-26 04:00:00+00:00,416.45,417.325,411.6,412.55,115156763.0,846343.0,414.080466
2023-10-27 04:00:00+00:00,414.19,414.6,409.21,410.68,107367673.0,800491.0,411.525153
2023-10-30 04:00:00+00:00,413.56,416.68,412.22,415.59,86562677.0,638015.0,414.72065
2023-10-31 04:00:00+00:00,416.18,418.53,414.21,418.2,79665152.0,563417.0,416.879135
2023-11-01 04:00:00+00:00,419.2,423.5,418.6499,422.66,98068117.0,724433.0,421.069909
2023-11-02 04:00:00+00:00,426.58,430.915,426.56,430.76,94938911.0,639385.0,429.27968
2023-11-03 04:00:00+00:00,433.14,436.29,433.01,434.69,100167777.0,647003.0,434.861912
2023-11-06 05:00:00+00:00,435.47,436.1498,433.68,435.69,67831662.0,494718.0,435.038606
2023-11-07 05:00:00+00:00,435.69,437.585,434.51,436.93,64256116.0,488374.0,436.624446
2023-11-08 05:00:00+00:00,437.55,438.09,434.87,437.25,61746029.0,461557.0,436.806629
2023-11-09 05:00:00+00:00,438.43,438.47,433.4,433.84,83174419.0,622940.0,435.595384
2023-11-10 05:00:00+00:00,435.98,440.93,433.8335,440.61,89558056.0,585764.0,438.197768
2023-11-13 05:00:00+00:00,439.23,441.33,438.42,440.19,52236070.0,406682.0,440.011295
2023-11-14 05:00:00+00:00,446.32,450.06,446.09,448.73,97176937.0,653304.0,448.546562
2023-11-15 05:00:00+00:00,450.11,451.38,448.8,449.68,77327573.0,555373.0,450.105605
2023-11-16 05:00:00+00:00,449.22,450.56,448.12,450.23,66665799.0,507746.0,449.425341
2023-11-17 05:00:00+00:00,450.24,451.42,449.29,450.79,83193904.0,439854.0,450.418855
2023-11-20 05:00:00+00:00,450.53,455.125,450.52,454.26,70055635.0,488764.0,453.459404
2023-11-21 05:00:00+00:00,453.1842,454.131,451.9599,453.27,49244640.0,405391.0,452.975029
2023-11-22 05:00:00+00:00,454.98,456.38,453.8895,455.02,59446575.0,479664.0,455.087224
2023-11-24 05:00:00+00:00,455.07,455.5,454.73,455.3,29737377.0,190770.0,455.060299
2023-11-27 05:00:00+00:00,454.65,455.4901,454.0799,454.48,50505987.0,400700.0,454.800792
2023-11-28 05:00:00+00:00,454.08,456.27,453.5,454.93,62115013.0,461132.0,454.746196
2023-11-29 05:00:00+00:00,457.15,458.32,454.2,454.61,63145994.0,455449.0,455.932414
2023-11-30 05:00:00+00:00,455.48,456.76,453.34,456.4,79752702.0,516019.0,455.025693
2023-12-01 05:00:00+00:00,455.77,459.65,455.16,459.1,89183402.0,606484.0,457.960591
2023-12-04 05:00:00+00:00,455.6,459.1206,454.34,456.69,72431488.0,538575.0,455.931175
2023-12-05 05:00:00+00:00,455.26,457.59,454.87,456.6,69793569.0,483242.0,456.267218
2023-12-06 05:00:00+00:00,458.81,458.84,454.31,454.76,69124885.0,465901.0,456.19549
2023-12-07 05:00:00+00:00,456.91,458.9,456.29,458.23,67002346.0,458079.0,457.827305
2023-12-08 05:00:00+00:00,457.46,460.745,457.21,460.2,83194404.0,525610.0,459.424735
2023-12-11 05:00:00+00:00,459.69,462.17,459.47,461.99,65803711.0,461247.0,461.005626
2023-12-12 05:00:00+00:00,461.63,464.2,460.6,464.1,68329617.0,438136.0,462.897161
2023-12-13 05:00:00+00:00,464.49,470.7599,464.12,470.5,93277960.0,662497.0,467.577917
2023-12-14 05:00:00+00:00,472.5,473.73,469.25,472.01,119028953.0,713141.0,471.899327
2023-12-15 05:00:00+00:00,469.49,470.7,467.4263,469.33,141554383.0,669182.0,469.509526
2023-12-18 05:00:00+00:00,470.98,472.98,469.8929,471.97,70375385.0,459241.0,472.042236
2023-12-19 05:00:00+00:00,472.53,474.92,472.45,474.84,55762005.0,416105.0,473.991484
2023-12-20 05:00:00+00:00,473.96,475.895,467.82,468.26,102920959.0,666863.0,471.732351
2023-12-21 05:00:00+00:00,471.33,472.975,468.84,472.7,86679796.0,600930.0,471.218166
2023-12-22 05:00:00+00:00,473.86,475.38,471.7,473.65,67160419.0,486178.0,473.951699
2023-12-26 05:00:00+00:00,474.07,476.58,473.99,475.65,55386952.0,348986.0,475.354905
2023-12-27 05:00:00+00:00,475.44,476.66,474.89,476.51,68000811.0,425538.0,475.741039
2023-12-28 05:00:00+00:00,476.88,477.55,476.26,476.69,77158117.0,374241.0,476.950071
2023-12-29 05:00:00+00:00,476.49,477.03,473.3,475.31,122288349.0,604838.0,475.210777
2024-01-02 05:00:00+00:00,472.16,473.67,470.49,472.65,123007793.0,657585.0,472.044088
2024-01-03 05:00:00+00:00,470.43,471.19,468.17,468.79,103595966.0,656572.0,469.620528
2024-01-04 05:00:00+00:00,468.3,470.96,467.05,467.28,84232169.0,536471.0,468.783715
2024-01-05 05:00:00+00:00,467.49,470.44,466.43,467.92,86118913.0,562579.0,468.323224
2024-01-08 05:00:00+00:00,468.43,474.75,468.3,474.6,74879074.0,523806.0,472.074423
2024-01-09 05:00:00+00:00,471.87,474.93,471.35,473.88,65931439.0,448472.0,473.346878
2024-01-10 05:00:00+00:00,474.16,477.4481,473.87,476.56,67310640.0,470045.0,475.701854
2024-01-11 05:00:00+00:00,477.59,478.12,472.26,476.35,77940823.0,576613.0,475.103827
2024-01-12 05:00:00+00:00,477.84,478.6,475.23,476.68,58026520.0,470856.0,476.624635
2024-01-16 05:00:00+00:00,475.26,476.6098,473.06,474.93,85015070.0,592233.0,474.741327
2024-01-17 05:00:00+00:00,471.82,472.79,469.87,472.29,68843871.0,520417.0,471.61239
2024-01-18 05:00:00+00:00,474.01,477.06,472.42,476.49,91856348.0,558708.0,474.771714
2024-01-19 05:00:00+00:00,477.65,482.72,476.5374,482.43,110834483.0,608468.0,480.15386
2024-01-22 05:00:00+00:00,484.01,485.22,482.78,483.45,76044931.0,548090.0,483.922932
2024-01-23 05:00:00+00:00,484.01,485.105,482.89,484.86,49945297.0,388977.0,484.009969
2024-01-24 05:00:00+00:00,487.81,488.77,484.8819,485.39,81765039.0,621290.0,486.91111
2024-01-25 05:00:00+00:00,487.575,488.305,485.39,488.03,72524989.0,546403.0,487.022632
2024-01-26 05:00:00+00:00,487.59,489.12,486.54,487.41,76641609.0,480277.0,487.732215
2024-01-29 05:00:00+00:00,487.73,491.415,487.17,491.27,61322751.0,447982.0,489.136747
2024-01-30 05:00:00+00:00,490.56,491.62,490.11,490.89,58618386.0,447676.0,490.920671
2024-01-31 05:00:00+00:00,488.62,489.0813,482.86,482.88,126011062.0,780578.0,485.693044
2024-02-01 05:00:00+00:00,484.63,489.23,483.8,489.2,91891637.0,650358.0,486.677249
2024-02-02 05:00:00+00:00,489.65,496.05,489.3,494.35,99228192.0,677113.0,493.379344
2024-02-05 05:00:00+00:00,493.695,494.3778,490.23,492.55,75685102.0,537117.0,492.614541
2024-02-06 05:00:00+00:00,493.52,494.32,492.05,493.98,55918602.0,456773.0,493.014563
2024-02-07 05:00:00+00:00,496.29,498.53,495.36,498.1,70556506.0,501857.0,497.442779
2024-02-08 05:00:00+00:00,498.1,498.71,497.26,498.32,52343636.0,406775.0,498.025515
2024-02-09 05:00:00+00:00,498.84,501.65,498.49,501.2,63979375.0,467171.0,500.320019
2024-02-12 05:00:00+00:00,501.17,503.5,500.24,500.98,56502283.0,437189.0,501.687018
2024-02-13 05:00:00+00:00,494.53,497.09,490.715,494.08,113099199.0,779480.0,493.567626
2024-02-14 05:00:00+00:00,496.79,499.07,494.4,498.57,68387827.0,536843.0,496.826687
2024-02-15 05:00:00+00:00,499.29,502.2,498.795,502.01,61682960.0,516093.0,500.787683
2024-02-16 05:00:00+00:00,501.7,502.87,498.75,499.51,75532928.0,532752.0,500.930692
2024-02-20 05:00:00+00:00,497.72,498.41,494.45,496.76,71736740.0,595486.0,496.139855
2024-02-21 05:00:00+00:00,495.42,497.37,493.56,497.21,59603771.0,499405.0,495.496013
2024-02-22 05:00:00+00:00,504.01,508.49,503.02,507.5,76402535.0,613961.0,506.255652
2024-02-23 05:00:00+00:00,509.27,510.13,507.1,507.85,61321818.0,489694.0,508.555832
2024-02-26 05:00:00+00:00,508.3,508.75,505.86,505.99,50386738.0,434429.0,507.147762
2024-02-27 05:00:00+00:00,506.7,507.16,504.75,506.93,48831828.0,400260.0,506.164792
2024-02-28 05:00:00+00:00,505.33,506.855,504.96,506.26,56506634.0,420488.0,505.970735
2024-02-29 05:00:00+00:00,508.07,509.74,505.35,508.08,83924795.0,547845.0,508.027166
2024-03-01 05:00:00+00:00,508.98,513.29,508.56,512.85,76844844.0,544943.0,511.576233
2024-03-04 05:00:00+00:00,512.03,514.2,512.0,512.3,49799257.0,466601.0,512.776634
2024-03-05 05:00:00+00:00,510.24,510.7,504.91,507.18,73320623.0,593892.0,507.450575
2024-03-06 05:00:00+00:00,510.55,512.069,508.42,509.75,68392367.0,603738.0,510.133504
2024-03-07 05:00:00+00:00,513.14,515.89,509.8053,514.81,58652085.0,526279.0,514.502448
2024-03-08 05:00:00+00:00,515.46,518.2201,511.13,511.72,86532535.0,737848.0,514.213562
2024-03-11 04:00:00+00:00,510.48,511.88,508.5,511.28,62557183.0,573251.0,510.488944
2024-03-12 04:00:00+00:00,513.45,517.38,510.86,516.78,73694439.0,602906.0,515.220994
2024-03-13 04:00:00+00:00,517.11,517.29,514.49,515.97,55104088.0,471659.0,516.289015
2024-03-14 04:00:00+00:00,516.97,517.125,511.82,514.95,110171820.0,729546.0,514.232417
2024-03-15 04:00:00+00:00,510.21,511.7,508.122,509.83,107646297.0,694373.0,509.878053
2024-03-18 04:00:00+00:00,514.0,515.48,512.44,512.86,88893331.0,568827.0,513.866925
2024-03-19 04:00:00+00:00,512.15,515.995,511.12,515.71,60755263.0,489558.0,513.975803
2024-03-20 04:00:00+00:00,515.77,520.62,515.08,520.48,69594574.0,566876.0,517.810639
2024-03-21 04:00:00+00:00,523.39,524.11,521.91,522.2,60256112.0,506364.0,523.115718
2024-03-22 04:00:00+00:00,522.11,522.605,520.97,521.21,79070842.0,467269.0,521.804855
2024-03-25 04:00:00+00:00,519.8,520.95,519.61,519.77,48512108.0,413060.0,520.310505
2024-03-26 04:00:00+00:00,521.23,521.58,518.4,518.81,65463744.0,427328.0,520.103613
2024-03-27 04:00:00+00:00,521.71,523.21,519.485,523.17,82999777.0,518970.0,521.199867
2024-03-28 04:00:00+00:00,523.21,524.61,522.78,523.07,96294886.0,495562.0,523.585937
2024-04-01 04:00:00+00:00,523.83,524.38,520.97,522.16,62477540.0,449575.0,522.37037
2024-04-02 04:00:00+00:00,518.24,518.98,516.48,518.84,74230308.0,570884.0,517.893925
2024-04-03 04:00:00+00:00,517.72,520.95,517.665,519.41,59155759.0,486600.0,519.744621
2024-04-04 04:00:00+00:00,523.52,523.8674,512.755,513.07,96908074.0,772269.0,517.902986
2024-04-05 04:00:00+00:00,514.46,520.44,514.01,518.43,74546483.0,669740.0,517.820377
2024-04-08 04:00:00+00:00,519.15,520.18,517.89,518.72,48401702.0,443840.0,518.94321
2024-04-09 04:00:00+00:00,520.5,520.75,514.35,519.32,68124385.0,532493.0,517.391628
2024-04-10 04:00:00+00:00,513.48,516.16,512.09,514.12,82652806.0,753675.0,513.895741
2024-04-11 04:00:00+00:00,515.68,519.48,512.08,518.0,70099007.0,582634.0,516.326992
2024-04-12 04:00:00+00:00,514.37,515.815,509.08,510.85,92486785.0,767726.0,511.756783
2024-04-15 04:00:00+00:00,515.13,515.3,503.58,504.45,92101447.0,841318.0,508.554344
2024-04-16 04:00:00+00:00,504.94,506.5,502.21,503.53,73484020.0,689033.0,504.154817
2024-04-17 04:00:00+00:00,506.05,506.22,499.12,500.55,75910305.0,704743.0,502.08167
2024-04-18 04:00:00+00:00,501.98,504.13,498.56,499.52,74548085.0,627452.0,500.798291
2024-04-19 04:00:00+00:00,499.44,500.455,493.86,495.16,102212587.0,756686.0,496.609293
2024-04-22 04:00:00+00:00,497.83,502.38,495.43,499.72,67962998.0,601783.0,498.90643
2024-04-23 04:00:00+00:00,501.78,506.09,499.5328,505.65,64633620.0,527370.0,504.681709
2024-04-24 04:00:00+00:00,506.56,507.37,503.13,505.41,55928076.0,495174.0,505.352357
2024-04-25 04:00:00+00:00,499.18,504.27,497.49,503.49,69122368.0,625039.0,500.945618
2024-04-26 04:00:00+00:00,506.35,509.88,505.7,508.26,64306118.0,491759.0,508.514625
2024-04-29 04:00:00+00:00,510.09,510.75,507.25,510.06,46415449.0,440177.0,509.541004
2024-04-30 04:00:00+00:00,508.56,509.56,501.98,501.98,77483566.0,575798.0,505.601383
2024-05-01 04:00:00+00:00,501.38,508.19,499.865,500.35,80242839.0,733935.0,502.791341
2024-05-02 04:00:00+00:00,504.15,505.89,499.55,505.03,62685179.0,532686.0,503.349546
2024-05-03 04:00:00+00:00,511.16,512.55,508.56,511.29,72838709.0,579112.0,510.75989
2024-05-06 04:00:00+00:00,513.75,516.61,513.3,516.57,47264703.0,444751.0,514.887471
2024-05-07 04:00:00+00:00,517.56,518.57,516.45,517.14,52561299.0,432297.0,517.525469
2024-05-08 04:00:00+00:00,515.26,517.74,515.14,517.19,42047214.0,369156.0,516.898349
2024-05-09 04:00:00+00:00,517.38,520.2074,516.705,520.17,43643668.0,399521.0,519.105998
2024-05-10 04:00:00+00:00,521.81,522.635,519.59,520.84,52233171.0,428544.0,520.934119
2024-05-13 04:00:00+00:00,522.56,522.67,519.74,520.91,36716361.0,360851.0,521.07114
2024-05-14 04:00:00+00:00,521.11,523.83,520.56,523.3,57535867.0,417237.0,522.360835
2024-05-15 04:00:00+00:00,525.83,530.08,525.18,529.78,59504897.0,510553.0,528.191025
2024-05-16 04:00:00+00:00,529.88,531.5218,528.54,528.69,50244827.0,436763.0,529.991819
2024-05-17 04:00:00+00:00,528.81,529.52,527.32,529.45,59187585.0,372347.0,528.791168
2024-05-20 04:00:00+00:00,529.57,531.5601,529.17,530.06,37764206.0,331754.0,530.385364
2024-05-21 04:00:00+00:00,529.28,531.52,529.07,531.36,33437001.0,306615.0,530.495412
2024-05-22 04:00:00+00:00,530.65,531.38,527.6,529.83,48389968.0,340286.0,529.583635
2024-05-23 04:00:00+00:00,532.96,533.07,524.72,525.96,57211197.0,440800.0,528.067408
2024-05-24 04:00:00+00:00,527.85,530.27,526.881,529.44,41331076.0,328934.0,528.970509
2024-05-28 04:00:00+00:00,530.27,530.51,527.11,529.81,36269602.0,343542.0,529.221141
2024-05-29 04:00:00+00:00,525.68,527.31,525.37,526.1,45190323.0,359207.0,526.368017
2024-05-30 04:00:00+00:00,524.52,525.2,521.33,522.61,46468510.0,385210.0,523.604962
2024-05-31 04:00:00+00:00,523.59,527.5,518.36,527.37,90785855.0,530032.0,523.136369
2024-06-03 04:00:00+00:00,529.02,529.31,522.6,527.8,46835702.0,468403.0,526.528069
2024-06-04 04:00:00+00:00,526.46,529.15,524.96,528.39,34632661.0,357976.0,527.076531
2024-06-05 04:00:00+00:00,530.77,534.69,528.7254,534.67,47610365.0,409460.0,532.473044
2024-06-06 04:00:00+00:00,534.98,535.42,532.68,534.66,30808530.0,304874.0,534.345257
2024-06-07 04:00:00+00:00,533.66,536.89,532.535,534.01,43224525.0,336983.0,534.64139
2024-06-10 04:00:00+00:00,533.18,535.99,532.57,535.66,35729252.0,344628.0,534.725401
2024-06-11 04:00:00+00:00,534.07,537.01,532.05,536.95,36383411.0,360292.0,534.968553
2024-06-12 04:00:00+00:00,541.63,544.12,540.3,541.36,63251305.0,488541.0,542.302434
2024-06-13 04:00:00+00:00,543.15,543.325,539.59,542.45,44760949.0,350322.0,541.903157
2024-06-14 04:00:00+00:00,540.88,542.81,539.85,542.78,40089895.0,342838.0,541.571526
2024-06-17 04:00:00+00:00,542.08,548.53,541.6072,547.1,55839457.0,402255.0,545.87853
2024-06-18 04:00:00+00:00,547.16,548.62,546.73,548.49,41376417.0,324668.0,547.868787
2024-06-20 04:00:00+00:00,549.44,550.12,545.18,547.0,70328226.0,470269.0,547.575033
2024-06-21 04:00:00+00:00,544.4,545.65,543.02,544.51,64513859.0,392335.0,544.447574
2024-06-24 04:00:00+00:00,544.33,546.95,542.62,542.74,45528654.0,392113.0,544.440534
2024-06-25 04:00:00+00:00,543.99,545.2,542.44,544.83,38273346.0,314940.0,544.104149
2024-06-26 04:00:00+00:00,543.69,546.24,543.03,545.51,38550637.0,336264.0,544.662273
2024-06-27 04:00:00+00:00,545.37,546.96,544.61,546.37,35041480.0,318146.0,545.767008
2024-06-28 04:00:00+00:00,547.16,550.28,542.95,544.22,75925045.0,490952.0,546.132413
2024-07-01 04:00:00+00:00,545.63,545.88,542.52,545.34,40297810.0,370685.0,544.684439
2024-07-02 04:00:00+00:00,543.7,549.01,543.65,549.01,40434792.0,326760.0,546.880645
2024-07-03 04:00:00+00:00,548.69,551.83,548.65,551.46,32789911.0,253838.0,550.337491
2024-07-05 04:00:00+00:00,551.77,555.05,551.12,554.64,41488389.0,339620.0,553.632822
2024-07-08 04:00:00+00:00,555.44,556.2501,554.19,555.28,36110451.0,315486.0,555.150626
2024-07-09 04:00:00+00:00,556.26,557.18,555.52,555.82,27314125.0,298712.0,556.17382
2024-07-10 04:00:00+00:00,557.07,561.67,556.77,561.32,38701220.0,339735.0,559.350535
2024-07-11 04:00:00+00:00,561.44,562.33,555.83,556.48,53054184.0,458805.0,557.90259
2024-07-12 04:00:00+00:00,557.63,563.67,557.15,559.99,53084405.0,418470.0,560.737146
2024-07-15 04:00:00+00:00,562.03,564.8371,559.63,561.53,40584293.0,398072.0,562.110674
2024-07-16 04:00:00+00:00,562.865,565.16,562.1,564.86,36475260.0,354166.0,563.682953
2024-07-17 04:00:00+00:00,558.8,560.51,556.61,556.94,57118956.0,472516.0,558.047099
2024-07-18 04:00:00+00:00,558.51,559.52,550.43,552.66,56270392.0,510019.0,554.093499
2024-07-19 04:00:00+00:00,552.42,554.08,547.91,548.99,65509081.0,446111.0,549.923605
2024-07-22 04:00:00+00:00,553.0,555.27,551.02,554.65,43346720.0,419641.0,553.63256
2024-07-23 04:00:00+00:00,554.54,556.735,553.275,553.78,34439561.0,308680.0,554.947013
2024-07-24 04:00:00+00:00,548.86,549.17,540.29,541.23,74515266.0,537919.0,543.775404
2024-07-25 04:00:00+00:00,541.35,547.455,537.45,538.41,61158288.0,555720.0,541.737207
2024-07-26 04:00:00+00:00,542.28,547.19,541.49,544.44,53763788.0,458201.0,544.081331
2024-07-29 04:00:00+00:00,546.02,547.05,542.72,544.76,39515824.0,364441.0,545.305528
2024-07-30 04:00:00+00:00,546.26,547.34,538.515,542.0,46853632.0,428534.0,542.546757
2024-07-31 04:00:00+00:00,548.98,553.5,547.5799,550.81,65663388.0,499830.0,550.610032
2024-08-01 04:00:00+00:00,552.57,554.8688,539.43,543.01,76428732.0,658124.0,544.809871
2024-08-02 04:00:00+00:00,535.75,536.99,528.6,532.9,82789070.0,746100.0,531.726908
2024-08-05 04:00:00+00:00,511.64,523.58,510.27,517.38,146267391.0,1274896.0,517.191195
2024-08-06 04:00:00+00:00,519.22,529.75,517.87,522.15,84826312.0,731363.0,524.399558
2024-08-07 04:00:00+00:00,528.47,531.59,518.0519,518.66,70698340.0,644157.0,524.14742
2024-08-08 04:00:00+00:00,523.91,531.29,521.84,530.65,63276589.0,570742.0,528.220388
2024-08-09 04:00:00+00:00,529.81,534.51,528.56,532.99,45619558.0,459823.0,531.740787
2024-08-12 04:00:00+00:00,534.21,535.73,530.95,533.27,42542069.0,437515.0,533.215795
2024-08-13 04:00:00+00:00,536.53,542.28,536.28,542.04,52333073.0,422228.0,540.0315
2024-08-14 04:00:00+00:00,542.85,544.96,540.12,543.75,42446929.0,389697.0,543.081967
2024-08-15 04:00:00+00:00,549.5,553.36,548.88,553.07,60846812.0,480232.0,551.705097
2024-08-16 04:00:00+00:00,551.42,555.02,551.26,554.31,44430728.0,328824.0,553.519424
2024-08-19 04:00:00+00:00,554.73,559.61,553.86,559.61,39121793.0,365312.0,557.241465
2024-08-20 04:00:00+00:00,559.15,560.84,557.325,558.7,33732264.0,335460.0,558.847888
2024-08-21 04:00:00+00:00,559.77,562.11,554.73,560.62,41514600.0,357431.0,560.174061
2024-08-22 04:00:00+00:00,562.56,563.18,554.98,556.22,56121456.0,438323.0,558.026024
2024-08-23 04:00:00+00:00,559.53,563.09,557.29,562.13,50639393.0,479176.0,560.85255
2024-08-26 04:00:00+00:00,563.18,563.91,559.05,560.79,35788609.0,374792.0,561.12996
2024-08-27 04:00:00+00:00,559.49,562.06,558.32,561.56,32693898.0,306107.0,560.978202
2024-08-28 04:00:00+00:00,561.21,561.65,555.04,558.3,41066024.0,389475.0,558.350832
2024-08-29 04:00:00+00:00,560.31,563.68,557.18,558.35,38715176.0,400443.0,560.370037
2024-08-30 04:00:00+00:00,560.77,564.2,557.14,563.68,62700110.0,430114.0,561.270306
2024-09-03 04:00:00+00:00,560.47,560.81,549.51,552.08,60600113.0,592610.0,554.506298
2024-09-04 04:00:00+00:00,550.2,554.43,549.46,550.95,47224939.0,510879.0,551.570698
2024-09-05 04:00:00+00:00,550.89,553.7995,547.1,549.61,44264258.0,501683.0,549.838735
2024-09-06 04:00:00+00:00,549.94,551.6,539.44,540.36,68493805.0,673258.0,542.599443
2024-09-09 04:00:00+00:00,544.65,547.71,542.68,546.41,40445822.0,458651.0,545.526989
2024-09-10 04:00:00+00:00,548.36,549.15,543.38,548.79,36394579.0,410778.0,547.136011
2024-09-11 04:00:00+00:00,548.7,555.36,539.96,554.42,75248608.0,646260.0,547.841231
2024-09-12 04:00:00+00:00,555.01,559.4,552.74,559.09,51892735.0,478029.0,557.019399
2024-09-13 04:00:00+00:00,559.71,563.03,559.45,562.01,39310501.0,400749.0,561.691649
2024-09-16 04:00:00+00:00,561.74,563.11,559.9,562.84,36656122.0,360839.0,561.758655
2024-09-17 04:00:00+00:00,565.1,566.58,560.795,563.07,49320970.0,443173.0,563.575408
2024-09-18 04:00:00+00:00,563.74,568.69,560.83,561.4,59044937.0,621397.0,563.767432
2024-09-19 04:00:00+00:00,571.01,572.88,568.08,570.98,75315470.0,548399.0,570.959024
2024-09-20 04:00:00+00:00,567.84,569.31,565.17,568.25,77503110.0,471471.0,567.546377
2024-09-23 04:00:00+00:00,569.34,570.3325,568.1,569.67,44116922.0,367490.0,569.293768
2024-09-24 04:00:00+00:00,570.48,571.36,567.6,571.3,46805672.0,385277.0,570.179385
2024-09-25 04:00:00+00:00,571.14,571.89,568.91,570.04,38428587.0,378547.0,570.405676
2024-09-26 04:00:00+00:00,574.38,574.71,569.9,572.3,48336004.0,403346.0,572.27229
2024-09-27 04:00:00+00:00,573.39,574.22,570.42,571.47,42100928.0,375875.0,572.30865
2024-09-30 04:00:00+00:00,570.42,574.38,568.08,573.76,63655448.0,483221.0,571.774907
2024-10-01 04:00:00+00:00,573.4,574.0622,566.0,568.62,72668778.0,689277.0,568.708298
2024-10-02 04:00:00+00:00,567.71,569.9,565.27,568.86,38097798.0,382904.0,568.373187
2024-10-03 04:00:00+00:00,567.36,569.8025,565.49,567.82,40846466.0,414433.0,567.342061
2024-10-04 04:00:00+00:00,572.35,573.36,568.1,572.98,43005186.0,438794.0,570.99034
2024-10-07 04:00:00+00:00,571.3,571.9599,566.63,567.8,49964690.0,457719.0,569.283676
2024-10-08 04:00:00+00:00,570.42,573.78,569.5299,573.17,37398693.0,368103.0,571.958492
2024-10-09 04:00:00+00:00,573.16,577.71,572.55,577.14,37912244.0,380793.0,575.961585
2024-10-10 04:00:00+00:00,575.77,577.58,574.49,576.13,44138060.0,384802.0,575.914102
2024-10-11 04:00:00+00:00,576.05,580.33,575.91,579.58,42267994.0,369983.0,579.098683
2024-10-14 04:00:00+00:00,581.22,585.27,580.73,584.32,36217215.0,346478.0,583.652755
2024-10-15 04:00:00+00:00,584.59,584.9,578.545,579.78,54203636.0,450436.0,581.362965
2024-10-16 04:00:00+00:00,579.78,582.83,578.96,582.3,30725436.0,327311.0,581.263073
2024-10-17 04:00:00+00:00,585.91,586.12,582.16,582.35,34393714.0,350466.0,583.466236
2024-10-18 04:00:00+00:00,584.07,585.39,582.58,584.59,37416801.0,312698.0,584.217609
2024-10-21 04:00:00+00:00,583.85,584.85,580.6001,583.63,36439010.0,386011.0,582.897586
2024-10-22 04:00:00+00:00,581.05,584.5,580.38,583.32,34183835.0,333521.0,582.673595
2024-10-23 04:00:00+00:00,581.26,581.7086,574.415,577.99,49314574.0,470975.0,578.074711
2024-10-24 04:00:00+00:00,579.98,580.06,576.57,579.24,34979860.0,363434.0,578.904205
2024-10-25 04:00:00+00:00,581.51,584.46,578.08,579.04,47268176.0,413616.0,581.054752
2024-10-28 04:00:00+00:00,582.58,582.71,580.52,580.83,30174704.0,365420.0,581.405883
2024-10-29 04:00:00+00:00,579.85,582.907,578.43,581.77,42899661.0,373273.0,581.336518
2024-10-30 04:00:00+00:00,581.29,583.32,579.29,580.01,41435839.0,389130.0,581.088774
2024-10-31 04:00:00+00:00,575.56,575.63,568.44,568.64,60182451.0,577902.0,571.335079
2024-11-01 04:00:00+00:00,571.32,575.55,570.62,571.04,45667533.0,464571.0,572.658516
2024-11-04 05:00:00+00:00,571.18,572.5,567.89,569.81,38216975.0,394247.0,570.278487
2024-11-05 05:00:00+00:00,570.74,576.74,570.52,576.7,39478322.0,378253.0,575.077202
2024-11-06 05:00:00+00:00,589.2,591.93,585.39,591.04,68181968.0,666095.0,589.331949
2024-11-07 05:00:00+00:00,593.08,596.65,592.9999,595.61,47233212.0,427536.0,594.921264
2024-11-08 05:00:00+00:00,596.17,599.64,596.165,598.19,46444893.0,406428.0,597.967927
2024-11-11 05:00:00+00:00,599.81,600.17,597.0,598.76,37586773.0,371847.0,598.734118
2024-11-12 05:00:00+00:00,598.68,599.29,594.37,596.9,43006128.0,378133.0,597.272863
2024-11-13 05:00:00+00:00,597.37,599.23,594.96,597.19,47388640.0,399844.0,597.564075
2024-11-14 05:00:00+00:00,597.32,597.81,592.65,593.35,38904109.0,373549.0,594.785489
2024-11-15 05:00:00+00:00,589.72,590.2,583.86,585.75,75988766.0,538470.0,586.32094
2024-11-18 05:00:00+00:00,586.22,589.49,585.34,588.15,37084081.0,360702.0,587.741047
2024-11-19 05:00:00+00:00,584.71,591.045,584.03,590.3,49422046.0,385055.0,588.541163
2024-11-20 05:00:00+00:00,590.38,590.79,584.63,590.5,49893334.0,435550.0,588.064164
2024-11-21 05:00:00+00:00,593.4,595.12,587.45,593.67,46750285.0,450141.0,592.430566
2024-11-22 05:00:00+00:00,593.66,596.15,593.1525,595.51,38226390.0,346477.0,595.081211
2024-11-25 05:00:00+00:00,599.52,600.86,595.2,597.53,42441393.0,427181.0,597.938466
2024-11-26 05:00:00+00:00,598.8,601.33,598.07,600.65,45621288.0,383149.0,599.999369
2024-11-27 05:00:00+00:00,600.46,600.85,597.28,598.83,34000163.0,332766.0,598.946549
2024-11-29 05:00:00+00:00,599.66,603.35,599.3805,602.55,30177351.0,233589.0,602.17208
2024-12-02 05:00:00+00:00,602.97,604.32,602.47,603.63,31745989.0,327962.0,603.497049
2024-12-03 05:00:00+00:00,603.39,604.16,602.341,603.91,26906629.0,279092.0,603.476262
2024-12-04 05:00:00+00:00,605.63,607.91,604.95,607.66,42787561.0,324666.0,606.696218
2024-12-05 05:00:00+00:00,607.66,608.48,606.305,606.66,28762183.0,303780.0,607.290697
2024-12-06 05:00:00+00:00,607.44,609.07,607.02,607.81,31241549.0,282829.0,607.88419
2024-12-09 05:00:00+00:00,607.69,607.86,604.08,604.68,34742738.0,370877.0,605.40418
2024-12-10 05:00:00+00:00,605.37,605.8,602.13,602.8,37234515.0,337427.0,603.824939
2024-12-11 05:00:00+00:00,605.78,608.435,605.5,607.46,28677723.0,305494.0,607.325692
2024-12-12 05:00:00+00:00,606.58,607.16,604.33,604.33,31543812.0,315220.0,605.593038
2024-12-13 05:00:00+00:00,606.4,607.13,602.81,604.21,35904730.0,348259.0,604.473006
2024-12-16 05:00:00+00:00,606.0,607.7795,605.21,606.79,43695179.0,367580.0,606.795324
2024-12-17 05:00:00+00:00,604.19,605.17,602.885,604.29,55773545.0,425292.0,604.039003
2024-12-18 05:00:00+00:00,603.98,606.405,585.89,586.28,108248729.0,772894.0,595.564693
2024-12-19 05:00:00+00:00,591.36,593.0,585.85,586.1,85919452.0,702101.0,588.83633
2024-12-20 05:00:00+00:00,581.77,595.75,580.91,591.15,125716674.0,772177.0,590.199391
2024-12-23 05:00:00+00:00,590.89,595.3,587.661,594.69,57635828.0,450949.0,592.721039
2024-12-24 05:00:00+00:00,596.06,601.34,595.47,601.3,33160097.0,235911.0,599.291931
2024-12-26 05:00:00+00:00,599.5,602.48,598.0825,601.34,41338891.0,306002.0,600.982138
2024-12-27 05:00:00+00:00,597.54,597.7761,590.7647,595.01,64969310.0,497465.0,594.049471
2024-12-30 05:00:00+00:00,587.89,591.74,584.41,588.22,56578757.0,501195.0,588.344096
2024-12-31 05:00:00+00:00,589.905,590.6399,584.42,586.08,57052654.0,479945.0,586.638607
2025-01-02 05:00:00+00:00,589.39,591.13,580.5,584.64,50203975.0,603951.0,585.069059
2025-01-03 05:00:00+00:00,587.53,592.6,586.43,591.95,37888459.0,427267.0,590.3249
2025-01-06 05:00:00+00:00,596.27,599.7,593.6,595.36,47679442.0,468834.0,596.616783
2025-01-07 05:00:00+00:00,597.42,597.75,586.78,588.63,60393052.0,489809.0,591.010705
2025-01-08 05:00:00+00:00,588.7,590.5799,585.195,589.49,47304672.0,432460.0,588.281771
2025-01-10 05:00:00+00:00,585.88,585.95,578.55,580.49,73105046.0,720924.0,581.355095
2025-01-13 05:00:00+00:00,575.77,581.75,575.35,581.39,47910060.0,505933.0,578.886779
2025-01-14 05:00:00+00:00,584.36,585.0,578.35,582.19,48420580.0,473554.0,581.845057
2025-01-15 05:00:00+00:00,590.325,593.94,589.195,592.78,56900159.0,488787.0,592.171696
2025-01-16 05:00:00+00:00,594.175,594.35,590.93,591.64,44319662.0,409217.0,592.628159
2025-01-17 05:00:00+00:00,596.96,599.36,595.61,597.58,58070628.0,420955.0,597.811044
2025-01-21 05:00:00+00:00,600.67,603.06,598.67,603.05,42532853.0,429380.0,601.650228
2025-01-22 05:00:00+00:00,605.92,607.82,605.36,606.44,48195973.0,367155.0,606.756402
2025-01-23 05:00:00+00:00,605.8,609.75,605.52,609.75,41152102.0,330491.0,607.610365
2025-01-24 05:00:00+00:00,609.81,610.78,606.8,607.97,34604693.0,360925.0,608.544314
2025-01-27 05:00:00+00:00,594.81,599.69,594.64,599.37,70361125.0,685466.0,597.680869
2025-01-28 05:00:00+00:00,600.62,605.37,597.25,604.52,44433322.0,419856.0,602.91773
2025-01-29 05:00:00+00:00,603.72,604.13,599.22,601.81,37177429.0,426224.0,601.975438
2025-01-30 05:00:00+00:00,603.96,606.6,600.715,605.04,39281255.0,419933.0,604.043298
2025-01-31 05:00:00+00:00,607.5,609.96,601.05,601.82,66671471.0,591698.0,604.912328
2025-02-03 05:00:00+00:00,592.67,600.29,590.49,597.77,65713364.0,730460.0,596.422957
2025-02-04 05:00:00+00:00,597.83,602.3,597.28,601.78,33024773.0,377667.0,600.835606
2025-02-05 05:00:00+00:00,600.64,604.37,598.58,604.22,30653149.0,358145.0,602.220255
2025-02-06 05:00:00+00:00,605.99,606.4525,602.63,606.32,35771503.0,351828.0,605.227961
2025-02-07 05:00:00+00:00,606.89,608.13,600.05,600.77,50188662.0,554348.0,602.782187
2025-02-10 05:00:00+00:00,604.03,605.4999,602.74,604.85,26023524.0,393593.0,604.488606
2025-02-11 05:00:00+00:00,602.55,605.86,602.43,605.31,30056740.0,408321.0,604.533431
2025-02-12 05:00:00+00:00,599.2,604.55,598.51,603.36,45076076.0,435863.0,602.334147
2025-02-13 05:00:00+00:00,604.48,609.94,603.2,609.73,40921297.0,426318.0,607.637911
2025-02-14 05:00:00+00:00,609.94,610.99,609.07,609.7,26910448.0,330615.0,610.09029
2025-02-18 05:00:00+00:00,610.88,611.49,608.38,611.49,26749030.0,364168.0,610.093495
2025-02-19 05:00:00+00:00,610.08,613.23,609.56,612.93,30898690.0,332869.0,611.742949
2025-02-20 05:00:00+00:00,611.54,611.684,607.02,610.38,36554002.0,388456.0,609.150979
2025-02-21 05:00:00+00:00,610.16,610.3,599.47,599.94,76519818.0,628050.0,603.120085
2025-02-24 05:00:00+00:00,602.02,603.03,596.49,597.21,50737213.0,600743.0,599.090526
2025-02-25 05:00:00+00:00,597.15,597.89,589.56,594.24,58266472.0,712191.0,593.758989
2025-02-26 05:00:00+00:00,595.93,599.58,591.8556,594.54,43321578.0,638726.0,595.672363
2025-02-27 05:00:00+00:00,596.85,598.02,584.65,585.05,74196664.0,758876.0,590.542146
2025-02-28 05:00:00+00:00,585.56,594.72,582.44,594.18,88744106.0,780013.0,588.014097
2025-03-03 05:00:00+00:00,596.18,597.34,579.9,583.77,74249199.0,839118.0,587.81397
2025-03-04 05:00:00+00:00,579.71,585.39,572.25,576.86,109648212.0,1056746.0,577.6331
2025-03-05 05:00:00+00:00,576.69,584.88,573.0795,583.06,71230528.0,809705.0,579.701888
2025-03-06 05:00:00+00:00,575.48,580.1736,570.12,572.71,80094868.0,869697.0,573.975112
2025-03-07 05:00:00+00:00,570.9,577.39,565.63,575.92,81158816.0,874097.0,572.364681
2025-03-10 04:00:00+00:00,567.59,569.54,555.59,560.58,99326624.0,1007965.0,562.241565
2025-03-11 04:00:00+00:00,559.4,564.02,552.02,555.92,88102109.0,935563.0,557.643391
2025-03-12 04:00:00+00:00,562.17,563.11,553.69,558.87,69601767.0,687059.0,559.298809
2025-03-13 04:00:00+00:00,558.49,559.105,549.68,551.42,74079414.0,747045.0,553.130515
2025-03-14 04:00:00+00:00,556.11,563.83,551.4917,562.81,62660321.0,616222.0,560.667919
2025-03-17 04:00:00+00:00,562.79,569.71,562.35,567.15,49008709.0,538126.0,566.424219
2025-03-18 04:00:00+00:00,564.8,565.02,559.06,561.02,66041422.0,572401.0,561.020757
2025-03-19 04:00:00+00:00,562.83,570.95,561.63,567.13,66554250.0,584796.0,566.278613
2025-03-20 04:00:00+00:00,563.33,570.57,562.6012,565.49,62958195.0,540297.0,566.435479
2025-03-21 04:00:00+00:00,559.28,564.89,558.03,563.98,83762964.0,559082.0,561.935782
2025-03-24 04:00:00+00:00,570.8,575.15,570.2,574.08,58766795.0,506258.0,573.338171
2025-03-25 04:00:00+00:00,575.3,576.41,573.69,575.46,38355735.0,389951.0,574.940837
2025-03-26 04:00:00+00:00,575.19,576.33,567.19,568.59,52228898.0,501105.0,570.477594
2025-03-27 04:00:00+00:00,567.18,570.9,564.94,567.08,42164248.0,456704.0,568.178087
2025-03-28 04:00:00+00:00,565.53,566.2675,555.07,555.66,71662653.0,650391.0,557.984313
2025-03-31 04:00:00+00:00,549.83,560.7112,546.87,559.39,95328113.0,754583.0,555.357314
2025-04-01 04:00:00+00:00,557.45,562.94,553.68,560.97,54609641.0,603801.0,558.976061
2025-04-02 04:00:00+00:00,555.05,567.42,554.81,564.52,76014544.0,686536.0,562.888146
2025-04-03 04:00:00+00:00,545.11,547.97,536.7,536.7,125985998.0,1198725.0,541.675349
2025-04-04 04:00:00+00:00,523.67,525.87,505.06,505.28,217962675.0,1957407.0,513.476423
2025-04-07 04:00:00+00:00,489.19,523.17,481.8,504.38,256611355.0,2517692.0,501.2808
2025-04-08 04:00:00+00:00,521.86,524.98,489.16,496.48,165794399.0,1708494.0,507.249518
2025-04-09 04:00:00+00:00,493.44,548.62,493.05,548.62,241835081.0,2298809.0,523.427405
2025-04-10 04:00:00+00:00,532.17,533.495,509.32,524.58,162331225.0,1754794.0,522.984816
2025-04-11 04:00:00+00:00,523.01,536.43,520.07,533.94,97866334.0,1019118.0,529.421297
2025-04-14 04:00:00+00:00,544.05,544.28,533.86,539.12,68033993.0,752545.0,539.680399
2025-04-15 04:00:00+00:00,539.675,543.23,536.81,537.61,56892874.0,547009.0,539.499642
2025-04-16 04:00:00+00:00,531.68,537.8854,520.29,525.66,83484814.0,770794.0,527.333639
2025-04-17 04:00:00+00:00,527.64,531.165,523.91,526.41,79866673.0,633834.0,527.758866
2025-04-21 04:00:00+00:00,521.16,521.7,508.46,513.88,69368129.0,715706.0,512.893584
2025-04-22 04:00:00+00:00,520.14,529.305,519.1925,527.25,75948017.0,712400.0,525.101409
2025-04-23 04:00:00+00:00,540.43,545.43,533.88,535.42,90590658.0,885537.0,539.263374
2025-04-24 04:00:00+00:00,536.715,547.43,535.4504,546.69,64150418.0,580937.0,543.868005
2025-04-25 04:00:00+00:00,546.65,551.05,543.69,550.64,61119590.0,562252.0,548.286989
2025-04-28 04:00:00+00:00,551.39,553.55,545.02,550.85,47613755.0,472025.0,549.56739
2025-04-29 04:00:00+00:00,548.91,555.45,548.55,554.32,47775121.0,474829.0,553.036602
2025-04-30 04:00:00+00:00,547.57,556.52,541.52,554.54,93101463.0,707090.0,549.757618
2025-05-01 04:00:00+00:00,560.37,564.0699,557.86,558.47,63186146.0,585865.0,561.004467
2025-05-02 04:00:00+00:00,564.73,568.38,562.38,566.76,60717270.0,571476.0,566.424958
2025-05-05 04:00:00+00:00,562.57,566.65,561.7,563.51,38659222.0,414698.0,564.409762
2025-05-06 04:00:00+00:00,557.93,563.3476,556.96,558.8,48264708.0,473580.0,559.981148
2025-05-07 04:00:00+00:00,560.15,563.82,556.04,561.15,55733229.0,531073.0,560.011623
2025-05-08 04:00:00+00:00,565.24,570.31,561.7,565.06,65130787.0,601131.0,566.584308
2025-05-09 04:00:00+00:00,566.48,567.5,562.7637,564.34,37603427.0,422432.0,564.739305
2025-05-12 04:00:00+00:00,581.47,583.0,577.04,582.99,78993570.0,733762.0,580.547302
2025-05-13 04:00:00+00:00,583.41,589.08,582.84,586.84,67947225.0,682785.0,587.193555
2025-05-14 04:00:00+00:00,587.81,588.98,585.535,587.59,66283531.0,676301.0,587.373305
2025-05-15 04:00:00+00:00,585.56,590.97,585.0969,590.46,71268145.0,737359.0,588.585752
2025-05-16 04:00:00+00:00,591.25,594.5,589.28,594.2,76052101.0,645314.0,592.388584
2025-05-19 04:00:00+00:00,588.1,595.54,588.1,594.85,68168509.0,662361.0,593.168182
2025-05-20 04:00:00+00:00,593.09,594.05,589.6,592.85,60614492.0,632002.0,592.357838
2025-05-21 04:00:00+00:00,588.44,592.58,581.82,582.86,95197657.0,1066364.0,587.037546
2025-05-22 04:00:00+00:00,582.66,586.62,581.405,583.09,70860417.0,844277.0,584.053292
2025-05-23 04:00:00+00:00,575.98,581.8101,575.6,579.11,76029046.0,877472.0,578.838939
2025-05-27 04:00:00+00:00,586.07,591.31,578.43,591.15,72588475.0,830952.0,589.125551
2025-05-28 04:00:00+00:00,591.56,592.7688,586.985,587.73,68445512.0,731933.0,589.715167
2025-05-29 04:00:00+00:00,593.06,593.2,586.07,590.05,70073758.0,826143.0,589.567723
2025-05-30 04:00:00+00:00,588.93,591.1299,583.235,589.39,90601242.0,884337.0,588.05609
2025-06-02 04:00:00+00:00,587.76,592.79,585.06,592.71,61630502.0,728812.0,589.874707
2025-06-03 04:00:00+00:00,592.34,597.08,591.85,596.09,63606204.0,690792.0,595.238267
2025-06-04 04:00:00+00:00,596.96,597.95,595.49,595.93,57314199.0,629200.0,596.938002
2025-06-05 04:00:00+00:00,597.63,599.0,591.05,593.05,92436397.0,944088.0,595.168768
2025-06-06 04:00:00+00:00,598.66,600.83,596.86,599.14,66588743.0,768591.0,599.222242
2025-06-09 04:00:00+00:00,599.72,601.25,598.49,599.68,53016418.0,637329.0,600.053937
2025-06-10 04:00:00+00:00,600.22,603.47,599.09,603.08,66246973.0,674474.0,601.631918
2025-06-11 04:00:00+00:00,604.19,605.06,599.27,601.36,73658225.0,808639.0,602.345297
2025-06-12 04:00:00+00:00,600.01,603.75,599.52,603.75,64129003.0,689902.0,602.541248
2025-06-13 04:00:00+00:00,598.5,601.85,595.48,597.0,89487793.0,980337.0,598.204727
2025-06-16 04:00:00+00:00,600.4,604.45,600.22,602.68,79984125.0,775607.0,602.741389
2025-06-17 04:00:00+00:00,600.21,601.75,596.76,597.53,82209365.0,827346.0,599.19286
2025-06-18 04:00:00+00:00,598.44,601.22,596.47,597.44,76605029.0,711298.0,598.886708
2025-06-20 04:00:00+00:00,598.38,599.46,592.86,594.28,94051374.0,825556.0,595.125748
2025-06-23 04:00:00+00:00,595.04,600.54,591.89,600.15,87426039.0,920372.0,597.020982
2025-06-24 04:00:00+00:00,604.33,607.8499,603.41,606.78,67735293.0,682502.0,606.174705
2025-06-25 04:00:00+00:00,607.91,608.61,605.54,607.12,62114767.0,645731.0,607.146716
2025-06-26 04:00:00+00:00,608.99,612.31,608.37,611.87,78548361.0,630338.0,610.895254
2025-06-27 04:00:00+00:00,612.88,616.39,610.83,614.91,86258398.0,806398.0,613.935765
2025-06-30 04:00:00+00:00,617.38,619.22,615.04,617.85,92502541.0,858415.0,617.093294
2025-07-01 04:00:00+00:00,616.36,618.83,615.52,617.65,70030140.0,746886.0,617.439436
2025-07-02 04:00:00+00:00,617.24,620.49,616.61,620.45,66510374.0,679099.0,619.130181
2025-07-03 04:00:00+00:00,622.45,626.28,622.43,625.34,51065578.0,484817.0,625.106471
2025-07-07 04:00:00+00:00,623.36,624.03,617.87,620.68,74814505.0,863317.0,620.762641
2025-07-08 04:00:00+00:00,621.35,622.11,619.52,620.34,59024585.0,675760.0,620.675955
2025-07-09 04:00:00+00:00,622.77,624.72,620.9105,624.06,66113326.0,735000.0,622.946884
2025-07-10 04:00:00+00:00,624.2,626.8701,623.01,625.82,57527933.0,648814.0,625.358699
2025-07-11 04:00:00+00:00,622.74,624.86,621.53,623.62,63670226.0,748955.0,623.809901
2025-07-14 04:00:00+00:00,623.16,625.1581,621.7999,624.81,51898518.0,626509.0,623.953909
2025-07-15 04:00:00+00:00,627.52,627.86,622.06,622.14,74317260.0,828422.0,624.382657
2025-07-16 04:00:00+00:00,623.74,624.73,618.05,624.22,88964127.0,961751.0,622.089769
2025-07-17 04:00:00+00:00,624.4,628.4048,624.18,628.04,68885558.0,687864.0,627.009476
2025-07-18 04:00:00+00:00,629.3,629.47,626.46,627.58,65621496.0,594577.0,627.596472
2025-07-21 04:00:00+00:00,628.77,631.54,628.34,628.77,63374984.0,709907.0,630.17477
2025-07-22 04:00:00+00:00,629.1,629.73,626.19,628.86,60046288.0,763949.0,628.28447
2025-07-23 04:00:00+00:00,631.55,634.21,629.73,634.21,71015836.0,765762.0,632.090485
2025-07-24 04:00:00+00:00,634.6,636.15,633.99,634.42,71307134.0,764249.0,635.14029
2025-07-25 04:00:00+00:00,635.09,637.5799,634.84,637.1,56865364.0,594273.0,636.524889
2025-07-28 04:00:00+00:00,637.48,638.04,635.54,636.94,54917102.0,630214.0,636.840101
2025-07-29 04:00:00+00:00,638.35,638.67,634.335,635.26,60556278.0,708687.0,636.075817
2025-07-30 04:00:00+00:00,635.92,637.68,631.54,634.46,80413429.0,820273.0,634.709485
2025-07-31 04:00:00+00:00,639.455,639.85,630.765,632.08,103385246.0,1017926.0,635.332486
2025-08-01 04:00:00+00:00,626.3,626.34,619.29,621.72,140103572.0,1466043.0,622.167703
2025-08-04 04:00:00+00:00,625.67,631.215,625.58,631.17,73218015.0,802217.0,629.502285
2025-08-05 04:00:00+00:00,631.79,632.6052,627.04,627.97,68051401.0,806967.0,629.048533
2025-08-06 04:00:00+00:00,629.05,633.44,628.13,632.78,64357525.0,690531.0,631.543336
2025-08-07 04:00:00+00:00,636.24,636.98,629.11,632.25,74205791.0,835614.0,632.317282
2025-08-08 04:00:00+00:00,634.06,637.645,633.74,637.18,64051626.0,705058.0,636.423539
2025-08-11 04:00:00+00:00,637.46,638.95,634.66,635.92,58742300.0,669920.0,636.758188
2025-08-12 04:00:00+00:00,638.29,642.85,636.79,642.69,64821798.0,761232.0,640.71696
2025-08-13 04:00:00+00:00,644.91,646.19,642.68,644.89,60092790.0,672682.0,644.269294
2025-08-14 04:00:00+00:00,642.79,645.62,642.34,644.95,59327466.0,682668.0,644.314136
2025-08-15 04:00:00+00:00,645.99,646.09,642.5153,643.44,68592507.0,637298.0,643.988974
2025-08-18 04:00:00+00:00,642.86,644.0,642.18,643.3,43804914.0,583828.0,643.155983
2025-08-19 04:00:00+00:00,643.12,644.105,638.48,639.81,69750731.0,769488.0,640.687476
2025-08-20 04:00:00+00:00,639.4,639.66,632.95,638.11,88890298.0,1033790.0,636.510518
2025-08-21 04:00:00+00:00,636.28,637.97,633.81,635.55,54805775.0,617474.0,635.846039
2025-08-22 04:00:00+00:00,637.76,646.5,637.25,645.31,84083214.0,924994.0,644.412217
2025-08-25 04:00:00+00:00,644.04,645.29,642.35,642.47,51274332.0,657583.0,644.051865
2025-08-26 04:00:00+00:00,642.2,645.51,641.57,645.16,51581565.0,575104.0,643.564606
2025-08-27 04:00:00+00:00,644.57,647.37,644.42,646.63,48341069.0,514537.0,646.327808
2025-08-28 04:00:00+00:00,647.24,649.48,645.34,648.92,61519461.0,595301.0,647.839384
2025-08-29 04:00:00+00:00,647.47,647.84,643.14,645.05,74423178.0,747542.0,644.73186
2025-09-02 04:00:00+00:00,637.5,640.49,634.92,640.27,81983545.0,903028.0,638.052767
2025-09-03 04:00:00+00:00,642.67,644.21,640.46,643.74,70820898.0,818583.0,642.393574
2025-09-04 04:00:00+00:00,644.42,649.15,643.51,649.12,65219228.0,743467.0,646.672384
2025-09-05 04:00:00+00:00,651.48,652.21,643.33,647.24,84304124.0,988454.0,646.993141
2025-09-08 04:00:00+00:00,648.62,649.84,647.23,648.83,63130164.0,773415.0,648.48861
2025-09-09 04:00:00+00:00,648.97,650.86,647.22,650.33,66133856.0,684357.0,649.224848
2025-09-10 04:00:00+00:00,653.62,654.55,650.63,652.21,78034529.0,841963.0,652.673145
2025-09-11 04:00:00+00:00,654.18,658.33,653.59,657.63,69895740.0,754957.0,656.838382
2025-09-12 04:00:00+00:00,657.6,659.11,656.9,657.41,72780135.0,683140.0,657.953046
2025-09-15 04:00:00+00:00,659.64,661.04,659.34,660.91,63772412.0,771637.0,660.304498
2025-09-16 04:00:00+00:00,661.47,661.78,659.21,660.0,61168953.0,755515.0,660.207825
2025-09-17 04:00:00+00:00,660.01,661.72,654.3,659.18,101952244.0,1070032.0,658.884385
2025-09-18 04:00:00+00:00,661.89,664.89,660.27,662.26,90458735.0,951829.0,662.825154
2025-09-19 04:00:00+00:00,662.33,664.55,660.37,663.7,97945620.0,842334.0,662.65786
2025-09-22 04:00:00+00:00,662.2,667.29,662.17,666.84,69452201.0,795553.0,665.428239
2025-09-23 04:00:00+00:00,666.72,667.34,661.98,663.21,81708872.0,896647.0,664.434604
2025-09-24 04:00:00+00:00,664.51,664.61,659.67,661.1,68082229.0,807609.0,661.597947
2025-09-25 04:00:00+00:00,657.94,659.4056,654.405,658.05,89622067.0,935968.0,657.338549
2025-09-26 04:00:00+00:00,659.51,662.37,657.88,661.82,69179209.0,769909.0,660.616791
2025-09-29 04:00:00+00:00,664.36,665.28,661.86,663.68,73499015.0,763838.0,663.523234
2025-09-30 04:00:00+00:00,662.93,666.65,661.61,666.18,86288028.0,772090.0,664.127451
2025-10-01 04:00:00+00:00,663.17,669.37,663.06,668.45,72545369.0,974350.0,666.876307
2025-10-02 04:00:00+00:00,670.45,670.565,666.78,669.22,56895993.0,743850.0,668.850456
2025-10-03 04:00:00+00:00,669.99,672.675,668.16,669.21,70494350.0,895359.0,670.468624
2025-10-06 04:00:00+00:00,671.62,672.51,669.455,671.61,54623260.0,873508.0,671.317365
2025-10-07 04:00:00+00:00,672.54,672.99,667.67,669.12,72020067.0,947296.0,669.598888
2025-10-08 04:00:00+00:00,670.25,673.2056,669.42,673.11,60702241.0,747743.0,672.116743
2025-10-09 04:00:00+00:00,673.53,673.94,669.21,671.16,66501941.0,802889.0,671.023115
2025-10-10 04:00:00+00:00,672.13,673.95,652.84,653.02,159422589.0,1778637.0,662.07522
2025-10-13 04:00:00+00:00,660.65,665.13,659.7679,663.04,79560517.0,1125900.0,662.346651
2025-10-14 04:00:00+00:00,657.17,665.83,653.17,662.23,88779560.0,1177809.0,661.056437
2025-10-15 04:00:00+00:00,666.82,670.23,658.93,665.17,81702555.0,1067025.0,665.245431
2025-10-16 04:00:00+00:00,666.82,668.71,657.11,660.64,110563346.0,1443490.0,662.638242
2025-10-17 04:00:00+00:00,659.5,665.755,658.14,664.39,96500870.0,1156217.0,662.131654
2025-10-20 04:00:00+00:00,667.32,672.21,667.27,671.3,60492650.0,858129.0,670.723645
2025-10-21 04:00:00+00:00,671.44,672.99,669.981,671.29,56248835.0,831016.0,671.751723
2025-10-22 04:00:00+00:00,672.0,672.0,663.3,667.8,80564006.0,963659.0,667.586309
2025-10-23 04:00:00+00:00,668.12,672.7101,667.8,671.76,65604461.0,767072.0,670.89345
2025-10-24 04:00:00+00:00,676.46,678.47,675.65,677.25,74356527.0,762628.0,677.52846
2025-10-27 04:00:00+00:00,682.73,685.54,682.115,685.24,63293828.0,811233.0,683.854334
2025-10-28 04:00:00+00:00,687.05,688.905,684.83,687.06,61737972.0,759679.0,686.90284
2025-10-29 04:00:00+00:00,688.72,689.7,682.87,687.39,85340645.0,1044645.0,687.171371
2025-10-30 04:00:00+00:00,683.9,685.94,679.83,679.83,76335751.0,971938.0,682.922797
2025-10-31 04:00:00+00:00,685.04,685.08,679.24,682.06,87164122.0,990900.0,682.653504
2025-11-03 05:00:00+00:00,685.67,685.8,679.94,683.34,57315025.0,870106.0,682.9317
2025-11-04 05:00:00+00:00,676.11,679.96,674.58,675.24,78426969.0,1140117.0,676.508167
2025-11-05 05:00:00+00:00,674.98,680.86,674.17,677.58,74402376.0,904366.0,678.412595
2025-11-06 05:00:00+00:00,676.47,677.38,668.72,670.31,85035298.0,1184829.0,671.984134
2025-11-07 05:00:00+00:00,667.91,671.08,661.205,670.97,100592443.0,1399072.0,666.112643
2025-11-10 05:00:00+00:00,677.235,682.18,675.03,681.44,75842888.0,1141759.0,679.201354
2025-11-11 05:00:00+00:00,679.95,683.57,678.73,683.0,58953385.0,828375.0,681.583161
2025-11-12 05:00:00+00:00,684.79,684.96,680.945,683.38,62312484.0,995928.0,683.119593
2025-11-13 05:00:00+00:00,680.5,680.86,670.52,672.04,103457788.0,1420394.0,674.522143
2025-11-14 05:00:00+00:00,665.38,675.66,663.265,671.93,96846672.0,1468545.0,671.317961
2025-11-17 05:00:00+00:00,669.7,673.71,662.17,665.67,90456105.0,1485606.0,667.738819
2025-11-18 05:00:00+00:00,662.095,665.12,655.86,660.08,114467488.0,1760650.0,661.122076
2025-11-19 05:00:00+00:00,660.78,667.34,658.745,662.63,94702955.0,1420436.0,662.617721
2025-11-20 05:00:00+00:00,672.91,675.56,651.89,652.53,165293521.0,2439639.0,661.717018
2025-11-21 05:00:00+00:00,655.05,664.55,650.85,659.03,123956203.0,1714976.0,657.972356
2025-11-24 05:00:00+00:00,662.69,670.06,661.59,668.73,80437940.0,1079031.0,667.491683
2025-11-25 05:00:00+00:00,668.63,676.21,664.48,675.02,81077088.0,1114924.0,671.640568
2025-11-26 05:00:00+00:00,677.63,681.7,676.72,679.68,71879597.0,881264.0,680.09272
2025-11-28 05:00:00+00:00,680.86,683.665,680.5,683.39,49212030.0,568720.0,682.350281
2025-12-01 05:00:00+00:00,678.81,682.99,678.74,680.27,61201193.0,822174.0,680.719083
2025-12-02 05:00:00+00:00,681.92,683.82,679.3275,681.53,62953844.0,828603.0,681.840994
2025-12-03 05:00:00+00:00,680.57,684.91,679.69,683.89,57238481.0,728672.0,683.053074
2025-12-04 05:00:00+00:00,685.3,685.37,681.34,684.39,61970336.0,850813.0,683.570788
2025-12-05 05:00:00+00:00,685.47,688.39,684.58,685.69,79241045.0,920639.0,686.205969
2025-12-08 05:00:00+00:00,686.59,686.64,681.57,683.63,55231462.0,972851.0,683.575849
2025-12-09 05:00:00+00:00,683.15,685.385,682.59,683.04,58310055.0,890130.0,683.882627
2025-12-10 05:00:00+00:00,682.56,688.97,681.31,687.57,85671334.0,1116986.0,685.247422
2025-12-11 05:00:00+00:00,685.14,689.25,682.165,689.17,86173678.0,1091888.0,686.724569
2025-12-12 05:00:00+00:00,688.17,688.88,679.1744,681.76,113160347.0,1436024.0,682.784771
2025-12-15 05:00:00+00:00,685.74,685.76,679.25,680.73,90810952.0,1453102.0,681.378547
2025-12-16 05:00:00+00:00,679.23,681.08,674.98,678.87,122030631.0,1412023.0,678.295578
2025-12-17 05:00:00+00:00,679.89,680.435,671.195,671.4,110625198.0,1388728.0,674.419992
2025-12-18 05:00:00+00:00,677.6,680.74,674.9,676.47,108650128.0,1510342.0,677.772072
2025-12-19 05:00:00+00:00,676.59,681.09,676.47,680.59,103599543.0,1113777.0,679.903065
2025-12-22 05:00:00+00:00,683.94,685.36,680.5868,684.83,69556733.0,806680.0,684.360955
2025-12-23 05:00:00+00:00,683.92,688.2,683.87,687.96,64839951.0,710909.0,686.880983
2025-12-24 05:00:00+00:00,687.95,690.83,687.8,690.38,39445560.0,439656.0,689.740875
2025-12-26 05:00:00+00:00,690.64,691.66,689.27,690.31,41613347.0,587527.0,690.300899
2025-12-29 05:00:00+00:00,687.54,689.2,686.07,687.85,62559503.0,782231.0,687.628428
2025-12-30 05:00:00+00:00,687.445,688.555,686.58,687.01,47160671.0,609770.0,687.488582
