timestamp,ticker,side,qty,fill_price,commission,pnl
2022-02-01,AAPL,short,1,861.276861,0.0,
2022-02-01,MSFT,short,1,409.094496,0.0,
2022-02-01,SPY,short,1,1230.3224460000001,0.0,
2022-02-02,AAPL,short,1,848.293857,0.0,
2022-02-02,MSFT,short,1,365.99364,0.0,
2022-02-02,SPY,short,1,1172.4363899999998,0.0,
2022-02-03,AAPL,short,1,893.286819,0.0,
2022-02-03,MSFT,short,1,436.8627,0.0,
2022-02-03,SPY,short,1,1179.063756,0.0,
2022-02-04,AAPL,short,1,823.829346,0.0,
2022-02-04,SPY,short,1,1183.3594560000001,0.0,
2022-02-04,MSFT,cover,3,350.965,0.0,
2022-02-07,MSFT,long,1,285.618333,0.0,
2022-02-07,SPY,short,1,843.884271,0.0,
2022-02-07,AAPL,cover,4,772.512,0.0,
2022-02-08,AAPL,short,1,747.543708,0.0,
2022-02-08,MSFT,short,1,323.887788,0.0,
2022-02-08,SPY,short,1,809.30988,0.0,
2022-02-09,AAPL,short,1,712.13715,0.0,
2022-02-09,MSFT,short,1,312.534153,0.0,
2022-02-09,SPY,short,1,924.973101,0.0,
2022-02-10,AAPL,short,1,907.750341,0.0,
2022-02-10,MSFT,short,1,453.408138,0.0,
2022-02-10,SPY,short,1,1399.635963,0.0,
2022-02-11,AAPL,short,1,985.720293,0.0,
2022-02-11,MSFT,short,1,391.364244,0.0,
2022-02-11,SPY,short,1,1530.613854,0.0,
2022-02-14,AAPL,long,1,862.716855,0.0,
2022-02-14,MSFT,long,1,363.958595,0.0,
2022-02-14,SPY,long,1,1231.293063,0.0,
2022-02-15,AAPL,short,1,624.648726,0.0,
2022-02-15,MSFT,long,1,270.853583,0.0,
2022-02-15,SPY,short,1,883.942173,0.0,
2022-02-16,AAPL,short,1,611.162226,0.0,
2022-02-16,MSFT,long,1,300.12082100000003,0.0,
2022-02-16,SPY,long,1,849.484636,0.0,
2022-02-17,AAPL,long,1,696.588893,0.0,
2022-02-17,MSFT,long,1,324.940616,0.0,
2022-02-17,SPY,long,1,1023.613591,0.0,
2022-02-18,AAPL,long,1,828.554727,0.0,
2022-02-18,SPY,long,1,1327.755429,0.0,
2022-02-18,MSFT,exit,1,342.64,0.0,
2022-02-22,AAPL,long,1,912.539628,0.0,
2022-02-22,MSFT,short,1,416.94363899999996,0.0,
2022-02-22,SPY,short,1,1242.674082,0.0,
2022-02-23,AAPL,short,1,899.191908,0.0,
2022-02-23,MSFT,short,1,377.73388800000004,0.0,
2022-02-23,SPY,short,1,1324.45422,0.0,
2022-02-24,AAPL,short,1,1410.0635249999998,0.0,
2022-02-24,MSFT,short,1,569.3271030000001,0.0,
2022-02-24,SPY,short,1,2137.2895710000003,0.0,
2022-02-25,AAPL,cover,4,919.742,0.0,
2022-02-25,MSFT,cover,3,325.467,0.0,
2022-02-25,SPY,cover,9,1218.045,0.0,
2022-02-28,AAPL,short,1,949.615434,0.0,
2022-02-28,MSFT,short,1,345.928725,0.0,
2022-02-28,SPY,short,1,1454.69385,0.0,
2022-03-01,AAPL,short,1,833.909256,0.0,
2022-03-01,MSFT,short,1,311.865822,0.0,
2022-03-01,SPY,short,1,1376.481141,0.0,
2022-03-02,AAPL,short,1,796.4507520000001,0.0,
2022-03-02,MSFT,short,1,318.41127,0.0,
2022-03-02,SPY,short,1,1176.087735,0.0,
2022-03-03,AAPL,short,1,766.017216,0.0,
2022-03-03,MSFT,short,1,272.871855,0.0,
2022-03-03,SPY,short,1,1053.9619830000001,0.0,
2022-03-04,AAPL,short,1,836.534628,0.0,
2022-03-04,SPY,short,1,1138.642218,0.0,
2022-03-04,MSFT,cover,4,323.565,0.0,
2022-03-07,AAPL,short,1,963.223812,0.0,
2022-03-07,MSFT,short,1,431.140428,0.0,
2022-03-07,SPY,short,1,1377.587034,0.0,
2022-03-08,AAPL,short,1,1310.171517,0.0,
2022-03-08,MSFT,short,1,481.113405,0.0,
2022-03-08,SPY,short,1,1646.079273,0.0,
2022-03-09,AAPL,short,1,913.634451,0.0,
2022-03-09,MSFT,short,1,351.69295500000004,0.0,
2022-03-09,SPY,short,1,1168.7380919999998,0.0,
2022-03-10,AAPL,short,1,1052.36658,0.0,
2022-03-10,MSFT,short,1,305.97371999999996,0.0,
2022-03-10,SPY,short,1,938.787273,0.0,
2022-03-11,AAPL,short,1,968.731299,0.0,
2022-03-11,MSFT,short,1,271.82090700000003,0.0,
2022-03-11,SPY,short,1,955.406637,0.0,
2022-03-14,AAPL,short,1,1086.233679,0.0,
2022-03-14,MSFT,short,1,306.30039300000004,0.0,
2022-03-14,SPY,short,1,956.334708,0.0,
2022-03-15,AAPL,short,1,928.713357,0.0,
2022-03-15,MSFT,short,1,342.10854900000004,0.0,
2022-03-15,SPY,short,1,1061.128809,0.0,
2022-03-16,AAPL,short,1,1021.9789979999999,0.0,
2022-03-16,MSFT,short,1,377.884737,0.0,
2022-03-16,SPY,short,1,1448.098452,0.0,
2022-03-17,AAPL,short,1,755.397846,0.0,
2022-03-17,MSFT,short,1,307.85783399999997,0.0,
2022-03-17,SPY,short,1,1025.742231,0.0,
2022-03-18,AAPL,short,1,1233.881883,0.0,
2022-03-18,MSFT,short,1,433.472094,0.0,
2022-03-18,SPY,short,1,1062.391545,0.0,
2022-03-21,AAPL,short,1,957.155886,0.0,
2022-03-21,MSFT,long,1,283.795512,0.0,
2022-03-21,SPY,long,1,884.3814980000001,0.0,
2022-03-22,AAPL,short,1,814.50468,0.0,
2022-03-22,MSFT,long,1,276.27299700000003,0.0,
2022-03-22,SPY,long,1,747.250504,0.0,
2022-03-23,AAPL,short,1,979.6463729999999,0.0,
2022-03-23,MSFT,long,1,257.411154,0.0,
2022-03-23,SPY,long,1,795.055261,0.0,
2022-03-24,AAPL,short,1,900.412686,0.0,
2022-03-24,MSFT,short,1,244.600155,0.0,
2022-03-24,SPY,short,1,646.721631,0.0,
2022-03-25,AAPL,long,1,806.267462,0.0,
2022-03-25,MSFT,long,2,225.89066499999998,0.0,
2022-03-25,SPY,long,1,771.7840130000001,0.0,
2022-03-28,AAPL,short,1,902.815281,0.0,
2022-03-28,MSFT,short,2,295.486218,0.0,
2022-03-28,SPY,long,1,685.983298,0.0,
2022-03-29,AAPL,short,1,1004.888106,0.0,
2022-03-29,MSFT,long,1,304.23793400000005,0.0,
2022-03-29,SPY,long,1,866.680815,0.0,
2022-03-30,AAPL,short,1,925.405668,0.0,
2022-03-30,MSFT,long,1,281.917636,0.0,
2022-03-30,SPY,long,1,797.4656689999999,0.0,
2022-03-31,AAPL,short,1,1029.462507,0.0,
2022-03-31,MSFT,long,1,334.555221,0.0,
2022-03-31,SPY,long,1,1218.215999,0.0,
2022-04-01,AAPL,short,1,786.725487,0.0,
2022-04-01,MSFT,long,1,271.376105,0.0,
2022-04-01,SPY,long,1,891.3784880000001,0.0,
2022-04-04,AAPL,long,1,765.448684,0.0,
2022-04-04,MSFT,long,2,243.138896,0.0,
2022-04-04,SPY,long,1,596.60601,0.0,
2022-04-05,AAPL,long,1,734.752018,0.0,
2022-04-05,MSFT,long,2,231.79856700000002,0.0,
2022-04-05,SPY,long,1,742.887145,0.0,
2022-04-06,AAPL,long,1,891.478588,0.0,
2022-04-06,MSFT,long,2,401.50510399999996,0.0,
2022-04-06,SPY,long,1,1070.04898,0.0,
2022-04-07,AAPL,short,1,775.171053,0.0,
2022-04-07,MSFT,long,1,314.42611200000005,0.0,
2022-04-07,SPY,long,1,781.752972,0.0,
2022-04-08,AAPL,long,1,766.520755,0.0,
2022-04-08,MSFT,short,2,243.375381,0.0,
2022-04-08,SPY,short,1,791.934273,0.0,
2022-04-11,AAPL,long,1,723.189467,0.0,
2022-04-11,MSFT,short,2,345.347307,0.0,
2022-04-11,SPY,long,1,898.602705,0.0,
2022-04-12,AAPL,long,1,793.444652,0.0,
2022-04-12,MSFT,long,2,309.97666699999996,0.0,
2022-04-12,SPY,long,1,844.4796359999999,0.0,
2022-04-13,AAPL,long,1,706.895189,0.0,
2022-04-13,MSFT,long,1,219.291072,0.0,
2022-04-13,SPY,long,1,741.444704,0.0,
2022-04-14,AAPL,long,1,754.047294,0.0,
2022-04-14,MSFT,short,2,281.933784,0.0,
2022-04-14,SPY,long,1,979.6736950000001,0.0,
2022-04-18,AAPL,short,1,689.548761,0.0,
2022-04-18,MSFT,short,1,207.57222,0.0,
2022-04-18,SPY,long,1,660.685025,0.0,
2022-04-19,AAPL,long,1,677.915238,0.0,
2022-04-19,MSFT,long,2,223.199977,0.0,
2022-04-19,SPY,long,1,778.98821,0.0,
2022-04-20,AAPL,long,1,679.977298,0.0,
2022-04-20,MSFT,short,2,228.83793300000002,0.0,
2022-04-20,SPY,short,1,651.591756,0.0,
2022-04-21,AAPL,long,1,873.1502780000001,0.0,
2022-04-21,MSFT,short,2,294.25145399999997,0.0,
2022-04-21,SPY,short,1,853.318827,0.0,
2022-04-22,AAPL,long,1,849.672824,0.0,
2022-04-22,MSFT,long,1,294.352058,0.0,
2022-04-22,SPY,long,1,1326.0427180000001,0.0,
2022-04-25,AAPL,long,1,961.4244640000001,0.0,
2022-04-25,MSFT,short,1,356.432211,0.0,
2022-04-25,SPY,short,1,1195.2805230000001,0.0,
2022-04-26,AAPL,cover,12,956.232,0.0,
2022-04-26,MSFT,cover,3,465.184,0.0,
2022-04-27,SPY,short,1,1219.0797,0.0,
2022-04-28,AAPL,long,1,1303.4701679999998,0.0,
2022-04-28,SPY,long,1,1055.545491,0.0,
2022-04-29,AAPL,short,1,1316.1585240000002,0.0,
2022-04-29,MSFT,short,1,370.36826099999996,0.0,
2022-04-29,SPY,short,1,1453.456089,0.0,
2022-05-02,AAPL,short,1,1229.322447,0.0,
2022-05-02,MSFT,long,1,351.86251100000004,0.0,
2022-05-02,SPY,short,1,1581.541875,0.0,
2022-05-03,AAPL,short,1,888.7753349999999,0.0,
2022-05-03,MSFT,short,1,259.526214,0.0,
2022-05-03,SPY,short,1,999.2817180000001,0.0,
2022-05-04,AAPL,short,1,1081.4824350000001,0.0,
2022-05-04,MSFT,short,1,335.657007,0.0,
2022-05-04,SPY,short,1,1441.036521,0.0,
2022-05-05,AAPL,short,1,1303.947747,0.0,
2022-05-05,MSFT,short,1,432.17139599999996,0.0,
2022-05-05,SPY,short,1,1727.5617089999998,0.0,
2022-05-06,AAPL,short,1,1160.0847540000002,0.0,
2022-05-06,MSFT,long,1,378.18080299999997,0.0,
2022-05-06,SPY,short,1,1516.190292,0.0,
2022-05-09,AAPL,short,1,1314.463221,0.0,
2022-05-09,MSFT,short,1,476.78274,0.0,
2022-05-09,SPY,short,1,1554.305139,0.0,
2022-05-10,AAPL,short,1,1152.5133329999999,0.0,
2022-05-10,MSFT,short,1,392.97063599999996,0.0,
2022-05-10,SPY,short,1,1323.647028,0.0,
2022-05-11,AAPL,short,1,1425.471102,0.0,
2022-05-11,MSFT,long,1,490.248759,0.0,
2022-05-11,SPY,short,1,1422.1863899999998,0.0,
2022-05-12,AAPL,short,1,1824.19398,0.0,
2022-05-12,MSFT,short,1,509.82766200000003,0.0,
2022-05-12,SPY,short,1,1249.657092,0.0,
2022-05-13,AAPL,short,1,1138.7690910000001,0.0,
2022-05-13,MSFT,short,1,348.901749,0.0,
2022-05-13,SPY,short,1,1040.7022559999998,0.0,
2022-05-16,AAPL,short,1,865.571562,0.0,
2022-05-16,MSFT,short,1,325.183491,0.0,
2022-05-16,SPY,short,1,785.4377760000001,0.0,
2022-05-17,AAPL,short,1,782.579637,0.0,
2022-05-17,MSFT,short,2,287.999712,0.0,
2022-05-17,SPY,short,1,829.466703,0.0,
2022-05-18,AAPL,short,1,1096.3315710000002,0.0,
2022-05-18,MSFT,short,2,313.24644,0.0,
2022-05-18,SPY,short,1,1175.568255,0.0,
2022-05-19,AAPL,short,1,1359.595044,0.0,
2022-05-19,MSFT,short,1,326.596077,0.0,
2022-05-19,SPY,short,1,984.121893,0.0,
2022-05-20,AAPL,short,1,1372.886739,0.0,
2022-05-20,MSFT,short,1,391.601007,0.0,
2022-05-20,SPY,short,1,1313.007678,0.0,
2022-05-23,AAPL,short,1,1176.0857369999999,0.0,
2022-05-23,MSFT,short,1,331.42224600000003,0.0,
2022-05-23,SPY,long,1,764.913149,0.0,
2022-05-24,AAPL,long,1,1042.368327,0.0,
2022-05-24,SPY,long,1,915.4024880000001,0.0,
2022-05-24,MSFT,cover,13,290.439,0.0,
2022-05-25,AAPL,long,1,925.751827,0.0,
2022-05-25,MSFT,long,2,285.764479,0.0,
2022-05-25,SPY,long,1,915.643729,0.0,
2022-05-26,AAPL,short,1,905.108985,0.0,
2022-05-26,MSFT,long,2,250.271021,0.0,
2022-05-26,SPY,long,1,822.504683,0.0,
2022-05-27,AAPL,short,1,908.8752149999999,0.0,
2022-05-27,MSFT,long,3,269.377108,0.0,
2022-05-27,SPY,long,1,848.534687,0.0,
2022-05-31,AAPL,short,1,1036.146816,0.0,
2022-05-31,MSFT,short,3,377.89872299999996,0.0,
2022-05-31,SPY,long,1,960.32937,0.0,
2022-06-01,MSFT,long,3,253.174922,0.0,
2022-06-01,SPY,long,1,866.723858,0.0,
2022-06-01,AAPL,cover,17,742.866,0.0,
2022-06-02,AAPL,short,1,722.757519,0.0,
2022-06-02,MSFT,short,3,439.641918,0.0,
2022-06-02,SPY,long,1,796.892096,0.0,
2022-06-03,AAPL,long,1,886.588703,0.0,
2022-06-03,MSFT,long,3,280.87059,0.0,
2022-06-03,SPY,long,1,719.4617430000001,0.0,
2022-06-06,AAPL,long,1,716.6999840000001,0.0,
2022-06-06,MSFT,long,3,224.227003,0.0,
2022-06-06,SPY,long,1,575.6640890000001,0.0,
2022-06-07,AAPL,long,1,678.760082,0.0,
2022-06-07,MSFT,long,4,228.835607,0.0,
2022-06-07,SPY,long,1,593.316724,0.0,
2022-06-08,AAPL,long,1,540.0415019999999,0.0,
2022-06-08,MSFT,long,4,173.896723,0.0,
2022-06-08,SPY,long,1,644.1435,0.0,
2022-06-09,AAPL,long,1,695.4247300000001,0.0,
2022-06-09,MSFT,long,5,264.66139699999997,0.0,
2022-06-09,SPY,long,1,863.760898,0.0,
2022-06-10,AAPL,long,1,915.2933790000001,0.0,
2022-06-10,MSFT,long,3,314.542228,0.0,
2022-06-10,SPY,long,1,1330.267939,0.0,
2022-06-13,AAPL,long,1,1223.2930709999998,0.0,
2022-06-13,MSFT,long,3,461.819358,0.0,
2022-06-13,SPY,long,1,1701.749049,0.0,
2022-06-14,AAPL,long,1,848.690843,0.0,
2022-06-14,MSFT,long,3,286.801515,0.0,
2022-06-14,SPY,short,1,1039.077882,0.0,
2022-06-15,AAPL,long,1,916.2453300000001,0.0,
2022-06-15,MSFT,long,3,331.448117,0.0,
2022-06-15,SPY,long,1,1257.9246679999999,0.0,
2022-06-16,AAPL,long,1,1082.3202390000001,0.0,
2022-06-16,MSFT,long,3,332.023692,0.0,
2022-06-16,SPY,long,1,1346.0777329999999,0.0,
2022-06-17,AAPL,long,1,1346.548203,0.0,
2022-06-17,MSFT,long,3,431.27884800000004,0.0,
2022-06-21,AAPL,long,1,810.815005,0.0,
2022-06-21,MSFT,short,2,298.983717,0.0,
2022-06-21,SPY,short,1,767.3508810000001,0.0,
2022-06-22,AAPL,long,1,734.826092,0.0,
2022-06-22,MSFT,short,3,259.139601,0.0,
2022-06-22,SPY,short,1,899.6934060000001,0.0,
2022-06-23,AAPL,long,1,725.062338,0.0,
2022-06-23,MSFT,long,3,258.872614,0.0,
2022-06-23,SPY,short,1,792.1280790000001,0.0,
2022-06-24,AAPL,long,1,892.059168,0.0,
2022-06-24,MSFT,short,3,338.89276800000005,0.0,
2022-06-24,SPY,short,1,979.522497,0.0,
2022-06-27,AAPL,short,1,701.3769209999999,0.0,
2022-06-27,MSFT,short,2,245.904849,0.0,
2022-06-27,SPY,short,1,659.435904,0.0,
2022-06-28,AAPL,short,1,670.1631659999999,0.0,
2022-06-28,MSFT,short,3,272.68204499999996,0.0,
2022-06-28,SPY,short,1,864.623511,0.0,
2022-06-29,AAPL,long,1,663.086424,0.0,
2022-06-29,MSFT,short,2,200.49730200000002,0.0,
2022-06-29,SPY,long,1,657.41676,0.0,
2022-06-30,AAPL,long,1,990.634645,0.0,
2022-06-30,MSFT,long,3,317.62630900000005,0.0,
2022-06-30,SPY,cover,5,1125.083,0.0,
2022-07-01,AAPL,short,1,709.805484,0.0,
2022-07-01,MSFT,short,3,228.14862300000001,0.0,
2022-07-01,SPY,long,1,749.145397,0.0,
2022-07-05,AAPL,short,1,732.8044620000001,0.0,
2022-07-05,MSFT,long,3,229.63941,0.0,
2022-07-05,SPY,short,1,813.56562,0.0,
2022-07-06,AAPL,long,1,741.383643,0.0,
2022-07-06,MSFT,long,3,238.482244,0.0,
2022-07-06,SPY,long,1,704.9662619999999,0.0,
2022-07-07,AAPL,long,1,663.1995370000001,0.0,
2022-07-07,MSFT,short,3,208.390401,0.0,
2022-07-07,SPY,short,1,644.613741,0.0,
2022-07-08,MSFT,long,3,196.78458799999999,0.0,
2022-07-08,SPY,short,1,723.254022,0.0,
2022-07-08,AAPL,exit,14,645.478,0.0,
2022-07-11,AAPL,short,1,630.7845840000001,0.0,
2022-07-11,MSFT,short,3,194.357448,0.0,
2022-07-11,SPY,short,1,583.085331,0.0,
2022-07-12,AAPL,long,1,776.663888,0.0,
2022-07-12,MSFT,long,3,359.043685,0.0,
2022-07-12,SPY,long,1,622.814192,0.0,
2022-07-13,AAPL,long,1,712.567856,0.0,
2022-07-13,MSFT,long,3,295.268974,0.0,
2022-07-13,SPY,long,1,843.088246,0.0,
2022-07-14,AAPL,long,1,782.188407,0.0,
2022-07-14,MSFT,long,2,251.27902799999998,0.0,
2022-07-14,SPY,long,1,897.945048,0.0,
2022-07-15,AAPL,long,1,763.3615990000001,0.0,
2022-07-15,MSFT,long,2,298.03874099999996,0.0,
2022-07-15,SPY,long,1,791.3946040000001,0.0,
2022-07-18,AAPL,long,1,815.023209,0.0,
2022-07-18,MSFT,long,2,209.95975,0.0,
2022-07-18,SPY,long,1,632.6680359999999,0.0,
2022-07-19,AAPL,long,1,830.653824,0.0,
2022-07-19,MSFT,long,2,250.376126,0.0,
2022-07-19,SPY,long,1,785.84506,0.0,
2022-07-20,AAPL,long,1,648.882234,0.0,
2022-07-20,MSFT,long,2,228.110883,0.0,
2022-07-20,SPY,long,1,719.156438,0.0,
2022-07-21,AAPL,long,1,651.5168659999999,0.0,
2022-07-21,MSFT,short,2,223.82295299999998,0.0,
2022-07-21,SPY,short,1,648.389961,0.0,
2022-07-22,AAPL,short,1,666.087246,0.0,
2022-07-22,MSFT,long,2,219.031813,0.0,
2022-07-22,SPY,long,1,722.694973,0.0,
2022-07-25,AAPL,short,2,535.702761,0.0,
2022-07-25,MSFT,short,3,210.34944000000002,0.0,
2022-07-25,SPY,short,1,535.7786850000001,0.0,
2022-07-26,AAPL,long,1,551.9383869999999,0.0,
2022-07-26,MSFT,long,2,393.87348000000003,0.0,
2022-07-26,SPY,long,1,529.993464,0.0,
2022-07-27,AAPL,short,2,785.420793,0.0,
2022-07-27,MSFT,short,3,459.48006,0.0,
2022-07-27,SPY,short,1,822.597579,0.0,
2022-07-28,AAPL,short,2,812.973213,0.0,
2022-07-28,MSFT,short,3,334.25840700000003,0.0,
2022-07-28,SPY,long,1,740.4056660000001,0.0,
2022-07-29,AAPL,short,2,1016.851131,0.0,
2022-07-29,MSFT,short,2,321.206472,0.0,
2022-07-29,SPY,short,1,869.166963,0.0,
2022-08-01,AAPL,short,1,677.6157059999999,0.0,
2022-08-01,MSFT,long,2,215.61139599999998,0.0,
2022-08-01,SPY,long,1,700.674975,0.0,
2022-08-02,AAPL,long,1,599.66907,0.0,
2022-08-02,MSFT,long,3,227.769542,0.0,
2022-08-02,SPY,long,1,634.9883540000001,0.0,
2022-08-03,AAPL,long,1,825.900075,0.0,
2022-08-03,MSFT,short,3,234.953811,0.0,
2022-08-03,SPY,long,1,678.8842060000001,0.0,
2022-08-04,AAPL,short,1,554.186259,0.0,
2022-08-04,MSFT,short,3,180.806013,0.0,
2022-08-04,SPY,short,1,456.10943399999996,0.0,
2022-08-05,AAPL,short,1,566.4030300000001,0.0,
2022-08-05,MSFT,short,3,167.57825400000002,0.0,
2022-08-05,SPY,short,1,567.580851,0.0,
2022-08-08,AAPL,short,1,602.166231,0.0,
2022-08-08,MSFT,short,3,187.204608,0.0,
2022-08-08,SPY,short,1,538.322139,0.0,
2022-08-09,AAPL,short,1,630.723645,0.0,
2022-08-09,MSFT,short,3,233.817948,0.0,
2022-08-09,SPY,short,1,448.868682,0.0,
2022-08-10,AAPL,long,1,702.406705,0.0,
2022-08-10,MSFT,long,2,247.124878,0.0,
2022-08-10,SPY,short,1,685.9703430000001,0.0,
2022-08-11,AAPL,short,1,570.9205079999999,0.0,
2022-08-11,MSFT,long,2,200.859659,0.0,
2022-08-11,SPY,long,1,595.491897,0.0,
2022-08-12,AAPL,long,1,681.074394,0.0,
2022-08-12,MSFT,long,3,226.42319700000002,0.0,
2022-08-12,SPY,long,1,617.561945,0.0,
2022-08-15,AAPL,long,1,541.4579170000001,0.0,
2022-08-15,MSFT,long,2,181.037857,0.0,
2022-08-15,SPY,long,1,541.0234829999999,0.0,
2022-08-16,AAPL,long,1,564.3347709999999,0.0,
2022-08-16,MSFT,long,3,181.210029,0.0,
2022-08-16,SPY,long,1,593.48289,0.0,
2022-08-17,AAPL,long,1,796.21542,0.0,
2022-08-17,MSFT,long,3,182.716534,0.0,
2022-08-17,SPY,long,1,636.269634,0.0,
2022-08-18,AAPL,short,1,622.278099,0.0,
2022-08-18,MSFT,short,4,171.690138,0.0,
2022-08-18,SPY,long,1,490.722232,0.0,
2022-08-19,AAPL,long,1,704.166463,0.0,
2022-08-19,MSFT,long,3,205.9057,0.0,
2022-08-19,SPY,long,1,680.849169,0.0,
2022-08-22,AAPL,short,1,689.5777320000001,0.0,
2022-08-22,MSFT,short,5,250.360389,0.0,
2022-08-22,SPY,long,1,777.7329560000001,0.0,
2022-08-23,AAPL,short,1,540.929529,0.0,
2022-08-23,MSFT,long,5,175.449274,0.0,
2022-08-23,SPY,short,1,490.560948,0.0,
2022-08-24,AAPL,short,1,537.876585,0.0,
2022-08-24,MSFT,long,3,181.55137,0.0,
2022-08-24,SPY,short,1,491.286222,0.0,
2022-08-25,AAPL,short,1,511.669818,0.0,
2022-08-25,MSFT,long,4,165.999834,0.0,
2022-08-25,SPY,long,1,509.93242300000003,0.0,
2022-08-26,AAPL,long,1,790.39961,0.0,
2022-08-26,MSFT,long,3,275.768493,0.0,
2022-08-26,SPY,long,1,1031.90087,0.0,
2022-08-29,AAPL,long,1,733.87314,0.0,
2022-08-29,MSFT,long,4,203.588385,0.0,
2022-08-29,SPY,exit,10,653.708,0.0,
2022-08-30,AAPL,short,1,778.2829380000001,0.0,
2022-08-30,MSFT,short,3,227.443329,0.0,
2022-08-30,SPY,short,1,855.667476,0.0,
2022-08-31,AAPL,long,1,880.7909109999999,0.0,
2022-08-31,MSFT,long,3,248.165918,0.0,
2022-08-31,SPY,long,1,761.0572970000001,0.0,
2022-09-01,MSFT,long,3,232.86663399999998,0.0,
2022-09-01,SPY,long,1,788.188401,0.0,
2022-09-01,AAPL,cover,2,742.299,0.0,
2022-09-02,AAPL,long,1,770.347578,0.0,
2022-09-02,MSFT,long,3,228.782554,0.0,
2022-09-02,SPY,short,1,995.3246790000001,0.0,
2022-09-06,AAPL,short,1,736.410852,0.0,
2022-09-06,MSFT,short,4,213.06871800000002,0.0,
2022-09-06,SPY,short,1,765.607626,0.0,
2022-09-07,AAPL,short,1,873.621504,0.0,
2022-09-07,MSFT,short,3,241.025733,0.0,
2022-09-07,SPY,short,1,708.932358,0.0,
2022-09-08,AAPL,short,1,848.388762,0.0,
2022-09-08,MSFT,short,3,202.995801,0.0,
2022-09-08,SPY,short,1,807.408783,0.0,
2022-09-09,AAPL,short,1,679.607712,0.0,
2022-09-09,MSFT,short,3,220.62615300000002,0.0,
2022-09-09,SPY,short,1,766.301931,0.0,
2022-09-12,AAPL,short,1,1048.51044,0.0,
2022-09-12,MSFT,short,3,187.289523,0.0,
2022-09-12,SPY,short,1,691.870437,0.0,
2022-09-13,AAPL,short,1,1225.339434,0.0,
2022-09-13,MSFT,short,3,333.199467,0.0,
2022-09-13,SPY,short,1,1228.241529,0.0,
2022-09-14,AAPL,short,1,878.774346,0.0,
2022-09-14,MSFT,short,3,238.89087,0.0,
2022-09-14,SPY,short,1,849.386763,0.0,
2022-09-15,AAPL,short,1,903.906189,0.0,
2022-09-15,MSFT,short,2,314.993691,0.0,
2022-09-15,SPY,short,1,875.4616619999999,0.0,
2022-09-16,AAPL,short,1,1621.165212,0.0,
2022-09-16,MSFT,short,3,397.520082,0.0,
2022-09-16,SPY,short,1,1029.8171519999999,0.0,
2022-09-19,AAPL,short,1,813.9272579999999,0.0,
2022-09-19,MSFT,short,2,268.00073100000003,0.0,
2022-09-19,SPY,short,1,732.0522149999999,0.0,
2022-09-20,AAPL,short,1,1075.8211019999999,0.0,
2022-09-20,MSFT,long,3,266.869603,0.0,
2022-09-20,SPY,short,1,771.976251,0.0,
2022-09-21,AAPL,short,1,1015.9510319999999,0.0,
2022-09-21,MSFT,short,2,285.969744,0.0,
2022-09-21,SPY,short,1,1066.398534,0.0,
2022-09-22,AAPL,short,1,865.658475,0.0,
2022-09-22,MSFT,short,2,310.30138800000003,0.0,
2022-09-22,SPY,short,1,893.831274,0.0,
2022-09-23,AAPL,short,1,959.338701,0.0,
2022-09-23,MSFT,short,3,341.41823999999997,0.0,
2022-09-23,SPY,short,1,1222.245531,0.0,
2022-09-26,AAPL,short,1,932.460606,0.0,
2022-09-26,MSFT,short,2,276.665058,0.0,
2022-09-26,SPY,short,1,924.8861880000001,0.0,
2022-09-27,AAPL,short,1,843.582573,0.0,
2022-09-27,MSFT,short,2,269.916813,0.0,
2022-09-27,SPY,long,1,1084.023941,0.0,
2022-09-28,AAPL,short,1,1465.447086,0.0,
2022-09-28,MSFT,short,2,290.006703,0.0,
2022-09-28,SPY,short,1,1106.913978,0.0,
2022-09-29,AAPL,short,1,1280.1006180000002,0.0,
2022-09-29,MSFT,short,1,274.567158,0.0,
2022-09-29,SPY,short,1,1128.3934769999998,0.0,
2022-09-30,AAPL,short,1,1248.003747,0.0,
2022-09-30,MSFT,short,1,356.591052,0.0,
2022-09-30,SPY,short,1,1535.574888,0.0,
2022-10-03,AAPL,short,1,1141.973883,0.0,
2022-10-03,MSFT,short,1,288.51519599999995,0.0,
2022-10-03,SPY,short,1,896.6674350000001,0.0,
2022-10-04,AAPL,short,1,877.4226990000001,0.0,
2022-10-04,MSFT,short,2,348.535116,0.0,
2022-10-04,SPY,long,1,1037.064028,0.0,
2022-10-05,AAPL,short,1,793.91529,0.0,
2022-10-05,MSFT,short,3,203.267529,0.0,
2022-10-05,SPY,short,1,879.776343,0.0,
2022-10-06,AAPL,short,1,683.337978,0.0,
2022-10-06,MSFT,short,4,202.196601,0.0,
2022-10-06,SPY,short,1,822.511665,0.0,
2022-10-07,AAPL,short,1,858.396744,0.0,
2022-10-07,MSFT,short,4,377.318304,0.0,
2022-10-07,SPY,short,1,1076.817105,0.0,
2022-10-10,AAPL,short,1,748.24101,0.0,
2022-10-10,MSFT,short,3,297.138564,0.0,
2022-10-10,SPY,short,1,759.667572,0.0,
2022-10-11,AAPL,short,1,769.566663,0.0,
2022-10-11,MSFT,short,3,304.43526,0.0,
2022-10-11,SPY,short,1,923.9031719999999,0.0,
2022-10-12,AAPL,long,1,705.041337,0.0,
2022-10-12,MSFT,short,3,218.81996099999998,0.0,
2022-10-12,SPY,long,1,770.687918,0.0,
2022-10-13,AAPL,long,1,1133.37224,0.0,
2022-10-13,MSFT,long,4,425.943518,0.0,
2022-10-13,SPY,short,1,1471.072455,0.0,
2022-10-14,AAPL,long,1,886.86598,0.0,
2022-10-14,MSFT,long,1,302.287986,0.0,
2022-10-14,SPY,long,1,1238.60737,0.0,
2022-10-17,AAPL,long,1,853.3615090000001,0.0,
2022-10-17,MSFT,short,1,281.141577,0.0,
2022-10-17,SPY,short,1,930.750318,0.0,
2022-10-18,AAPL,long,1,992.357366,0.0,
2022-10-18,MSFT,short,2,263.03270399999997,0.0,
2022-10-18,SPY,short,1,970.657371,0.0,
2022-10-19,AAPL,long,1,618.2005829999999,0.0,
2022-10-19,MSFT,short,2,199.657143,0.0,
2022-10-19,SPY,short,1,796.6715310000001,0.0,
2022-10-20,AAPL,long,1,645.86522,0.0,
2022-10-20,MSFT,long,5,218.32811,0.0,
2022-10-20,SPY,long,1,883.713831,0.0,
2022-10-21,AAPL,short,1,864.620514,0.0,
2022-10-21,MSFT,short,4,262.73400300000003,0.0,
2022-10-21,SPY,short,1,1309.073616,0.0,
2022-10-24,AAPL,long,1,760.578819,0.0,
2022-10-24,MSFT,long,2,249.361112,0.0,
2022-10-24,SPY,short,1,853.514631,0.0,
2022-10-25,AAPL,long,1,748.070323,0.0,
2022-10-25,MSFT,short,3,347.407245,0.0,
2022-10-25,SPY,short,1,787.674537,0.0,
2022-10-26,AAPL,short,1,881.061057,0.0,
2022-10-26,MSFT,short,3,824.606568,0.0,
2022-10-26,SPY,long,1,1041.913873,0.0,
2022-10-27,AAPL,long,1,1092.8938019999998,0.0,
2022-10-27,MSFT,short,1,403.841754,0.0,
2022-10-27,SPY,long,1,820.5377179999999,0.0,
2022-10-28,AAPL,long,1,1649.271624,0.0,
2022-10-28,MSFT,long,2,406.88347699999997,0.0,
2022-10-28,SPY,long,1,1004.02302,0.0,
2022-10-31,AAPL,short,1,978.452568,0.0,
2022-10-31,MSFT,long,1,283.85657299999997,0.0,
2022-10-31,SPY,long,1,967.279313,0.0,
2022-11-01,AAPL,long,1,804.596793,0.0,
2022-11-01,MSFT,long,2,306.228923,0.0,
2022-11-01,SPY,cover,22,854.076,0.0,
2022-11-02,AAPL,long,1,936.9820460000001,0.0,
2022-11-02,MSFT,short,3,383.68593,0.0,
2022-11-02,SPY,long,1,1271.173904,0.0,
2022-11-03,AAPL,short,1,978.2058149999999,0.0,
2022-11-03,MSFT,short,2,365.972661,0.0,
2022-11-03,SPY,short,1,870.129999,0.0,
2022-11-04,AAPL,short,1,1406.739852,0.0,
2022-11-04,MSFT,short,2,367.52310900000003,0.0,
2022-11-04,SPY,short,1,1034.016948,0.0,
2022-11-07,AAPL,short,1,832.912254,0.0,
2022-11-07,MSFT,short,1,334.64502000000005,0.0,
2022-11-07,SPY,cover,1,682.869,0.0,
2022-11-08,AAPL,short,1,898.185915,0.0,
2022-11-08,MSFT,short,2,281.643075,0.0,
2022-11-08,SPY,short,1,845.564589,0.0,
2022-11-09,AAPL,short,1,748.428822,0.0,
2022-11-09,MSFT,short,3,278.250471,0.0,
2022-11-09,SPY,long,1,785.739955,0.0,
2022-11-10,AAPL,short,1,1187.3514599999999,0.0,
2022-11-10,MSFT,short,3,462.21732000000003,0.0,
2022-11-10,SPY,short,1,1413.143442,0.0,
2022-11-11,AAPL,long,1,940.736797,0.0,
2022-11-11,MSFT,long,1,346.548202,0.0,
2022-11-11,SPY,long,1,939.337399,0.0,
2022-11-14,AAPL,short,1,733.007259,0.0,
2022-11-14,MSFT,short,2,310.921767,0.0,
2022-11-14,SPY,long,1,719.7540349999999,0.0,
2022-11-15,AAPL,short,1,897.784317,0.0,
2022-11-15,MSFT,short,3,313.587099,0.0,
2022-11-15,SPY,long,1,932.8769450000001,0.0,
2022-11-16,AAPL,long,1,642.825183,0.0,
2022-11-16,MSFT,short,3,240.69206699999998,0.0,
2022-11-16,SPY,long,1,685.770085,0.0,
2022-11-17,AAPL,short,1,803.090106,0.0,
2022-11-17,MSFT,short,4,231.00376500000002,0.0,
2022-11-17,SPY,short,1,744.218037,0.0,
2022-11-18,AAPL,short,1,747.5477040000001,0.0,
2022-11-18,MSFT,short,4,275.858865,0.0,
2022-11-18,SPY,short,1,928.295775,0.0,
2022-11-21,AAPL,short,1,586.653759,0.0,
2022-11-21,MSFT,short,4,263.68305300000003,0.0,
2022-11-21,SPY,long,1,512.944432,0.0,
2022-11-22,MSFT,short,5,196.46034300000002,0.0,
2022-11-22,SPY,long,2,604.89429,0.0,
2022-11-22,AAPL,cover,24,518.041,0.0,
2022-11-23,AAPL,short,2,582.430986,0.0,
2022-11-23,MSFT,long,6,195.280085,0.0,
2022-11-23,SPY,short,2,681.9333839999999,0.0,
2022-11-25,AAPL,long,2,352.310959,0.0,
2022-11-25,MSFT,long,7,92.100008,0.0,
2022-11-25,SPY,long,2,305.759454,0.0,
2022-11-28,AAPL,long,4,693.15246,0.0,
2022-11-28,MSFT,long,16,248.029782,0.0,
2022-11-28,SPY,long,4,679.494816,0.0,
2022-11-29,AAPL,long,2,838.475638,0.0,
2022-11-29,MSFT,long,5,179.742563,0.0,
2022-11-29,SPY,exit,8,523.1,0.0,
2022-11-30,AAPL,long,1,1114.922809,0.0,
2022-11-30,MSFT,long,7,476.417942,0.0,
2022-11-30,SPY,long,2,1447.1126669999999,0.0,
2022-12-01,AAPL,long,1,713.216504,0.0,
2022-12-01,MSFT,long,3,260.67541500000004,0.0,
2022-12-01,SPY,long,1,764.745982,0.0,
2022-12-02,AAPL,long,1,655.1284740000001,0.0,
2022-12-02,MSFT,long,4,215.500285,0.0,
2022-12-02,SPY,long,1,854.280427,0.0,
2022-12-05,AAPL,long,1,688.952264,0.0,
2022-12-05,MSFT,long,5,234.587353,0.0,
2022-12-05,SPY,long,1,773.6708980000001,0.0,
2022-12-06,AAPL,long,1,647.9192720000001,0.0,
2022-12-06,MSFT,long,5,224.861637,0.0,
2022-12-06,SPY,long,1,780.501722,0.0,
2022-12-07,AAPL,short,1,696.513789,0.0,
2022-12-07,MSFT,long,5,205.019815,0.0,
2022-12-07,SPY,long,1,659.938279,0.0,
2022-12-08,AAPL,short,1,620.6617170000001,0.0,
2022-12-08,MSFT,short,5,225.89188199999998,0.0,
2022-12-08,SPY,short,1,606.771621,0.0,
2022-12-09,AAPL,long,1,761.7309700000001,0.0,
2022-12-09,SPY,short,1,813.662523,0.0,
2022-12-09,MSFT,exit,18,206.097,0.0,
2022-12-12,AAPL,long,1,705.3316269999999,0.0,
2022-12-12,MSFT,long,6,306.957651,0.0,
2022-12-12,SPY,long,1,754.812058,0.0,
2022-12-13,AAPL,long,1,939.8008619999999,0.0,
2022-12-13,MSFT,long,3,422.390969,0.0,
2022-12-13,SPY,long,1,1239.062825,0.0,
2022-12-14,MSFT,long,3,354.463109,0.0,
2022-12-14,SPY,short,1,1080.031887,0.0,
2022-12-14,AAPL,exit,12,822.912,0.0,
2022-12-15,AAPL,long,1,990.308319,0.0,
2022-12-15,MSFT,long,3,355.959604,0.0,
2022-12-15,SPY,long,1,1178.236059,0.0,
2022-12-16,AAPL,short,1,1599.967431,0.0,
2022-12-16,MSFT,short,3,860.1589799999999,0.0,
2022-12-16,SPY,exit,7,1198.58,0.0,
2022-12-19,AAPL,short,1,795.130074,0.0,
2022-12-19,MSFT,short,3,296.667036,0.0,
2022-12-19,SPY,short,1,797.982219,0.0,
2022-12-20,AAPL,long,1,775.1023279999999,0.0,
2022-12-20,MSFT,short,4,251.256492,0.0,
2022-12-20,SPY,long,1,745.0162720000001,0.0,
2022-12-21,AAPL,short,1,858.42072,0.0,
2022-12-21,MSFT,short,5,236.669094,0.0,
2022-12-21,SPY,short,1,780.892326,0.0,
2022-12-22,AAPL,short,1,777.742479,0.0,
2022-12-22,MSFT,short,5,286.230483,0.0,
2022-12-22,SPY,short,2,1000.2077909999999,0.0,
2022-12-23,AAPL,short,1,637.510851,0.0,
2022-12-23,MSFT,short,4,211.85792999999998,0.0,
2022-12-23,SPY,short,1,597.974427,0.0,
2022-12-27,AAPL,short,2,689.387922,0.0,
2022-12-27,MSFT,short,6,166.719114,0.0,
2022-12-27,SPY,short,2,515.8656179999999,0.0,
2022-12-28,AAPL,short,2,853.529616,0.0,
2022-12-28,MSFT,short,8,174.396429,0.0,
2022-12-28,SPY,short,2,708.405885,0.0,
2022-12-29,MSFT,short,7,197.50929299999999,0.0,
2022-12-29,SPY,short,1,669.0392909999999,0.0,
2022-12-29,AAPL,cover,7,757.037,0.0,
2022-12-30,AAPL,long,1,771.112342,0.0,
2022-12-30,MSFT,long,7,219.60438499999998,0.0,
2022-12-30,SPY,long,2,841.062222,0.0,
2023-01-03,AAPL,short,1,1120.053825,0.0,
2023-01-03,MSFT,short,6,257.14259999999996,0.0,
2023-01-03,SPY,short,1,747.7584929999999,0.0,
2023-01-04,AAPL,short,1,890.244864,0.0,
2023-01-04,MSFT,short,5,505.727766,0.0,
2023-01-04,SPY,long,1,860.200341,0.0,
2023-01-05,AAPL,short,1,808.817373,0.0,
2023-01-05,MSFT,long,2,396.251856,0.0,
2023-01-05,SPY,long,1,770.4747050000001,0.0,
2023-01-06,AAPL,short,1,876.669453,0.0,
2023-01-06,MSFT,long,3,436.572136,0.0,
2023-01-06,SPY,long,1,1042.937896,0.0,
2023-01-09,AAPL,short,1,707.200092,0.0,
2023-01-09,SPY,short,1,739.041219,0.0,
2023-01-09,MSFT,cover,29,273.698,0.0,
2023-01-10,AAPL,short,1,638.323038,0.0,
2023-01-10,MSFT,long,4,270.609339,0.0,
2023-01-10,SPY,short,1,652.927419,0.0,
2023-01-11,AAPL,short,2,693.8944110000001,0.0,
2023-01-11,MSFT,short,5,286.40630699999997,0.0,
2023-01-11,SPY,long,2,689.499811,0.0,
2023-01-12,AAPL,short,2,713.082204,0.0,
2023-01-12,MSFT,short,4,272.422305,0.0,
2023-01-12,SPY,short,1,900.675423,0.0,
2023-01-13,AAPL,long,2,578.6750969999999,0.0,
2023-01-13,MSFT,short,4,213.119667,0.0,
2023-01-13,SPY,long,1,639.678039,0.0,
2023-01-17,AAPL,short,2,635.829534,0.0,
2023-01-17,MSFT,short,6,298.014687,0.0,
2023-01-17,SPY,long,2,627.399773,0.0,
2023-01-18,AAPL,long,2,697.424728,0.0,
2023-01-18,MSFT,long,4,300.587287,0.0,
2023-01-18,SPY,long,2,997.3193229999999,0.0,
2023-01-19,AAPL,long,2,583.386804,0.0,
2023-01-19,MSFT,long,4,286.51623,0.0,
2023-01-19,SPY,cover,1,869.589,0.0,
2023-01-20,AAPL,long,2,803.038236,0.0,
2023-01-20,MSFT,short,4,353.544102,0.0,
2023-01-20,SPY,long,1,918.9820639999999,0.0,
2023-01-23,AAPL,long,2,818.4206029999999,0.0,
2023-01-23,MSFT,short,4,319.02065999999996,0.0,
2023-01-23,SPY,short,1,840.9462120000001,0.0,
2023-01-24,AAPL,long,2,665.015351,0.0,
2023-01-24,MSFT,long,4,402.746344,0.0,
2023-01-24,SPY,long,1,595.844249,0.0,
2023-01-25,AAPL,long,2,658.6509930000001,0.0,
2023-01-25,MSFT,short,3,664.600734,0.0,
2023-01-25,SPY,long,2,848.851003,0.0,
2023-01-26,AAPL,short,2,540.509949,0.0,
2023-01-26,MSFT,short,3,334.210455,0.0,
2023-01-26,SPY,short,1,722.151126,0.0,
2023-01-27,AAPL,long,2,706.263558,0.0,
2023-01-27,MSFT,short,3,264.72401099999996,0.0,
2023-01-27,SPY,short,1,682.778538,0.0,
2023-01-30,AAPL,long,2,640.7931530000001,0.0,
2023-01-30,MSFT,short,5,258.415326,0.0,
2023-01-30,SPY,short,1,741.27798,0.0,
2023-01-31,AAPL,short,3,658.086255,0.0,
2023-01-31,MSFT,short,5,265.14558900000003,0.0,
2023-01-31,SPY,short,1,867.2498820000001,0.0,
2023-02-01,AAPL,long,3,777.412636,0.0,
2023-02-01,MSFT,short,5,312.286401,0.0,
2023-02-01,SPY,long,1,1015.606592,0.0,
2023-02-02,AAPL,long,2,1184.57339,0.0,
2023-02-02,MSFT,short,4,399.004596,0.0,
2023-02-02,SPY,short,1,1015.528455,0.0,
2023-02-03,AAPL,short,2,1542.0294270000002,0.0,
2023-02-03,MSFT,long,3,291.063773,0.0,
2023-02-03,SPY,long,1,948.315368,0.0,
2023-02-06,AAPL,short,2,697.884417,0.0,
2023-02-06,MSFT,long,5,225.40518,0.0,
2023-02-07,AAPL,long,2,834.059226,0.0,
2023-02-07,MSFT,long,6,508.922414,0.0,
2023-02-07,SPY,long,2,910.816907,0.0,
2023-02-08,AAPL,long,1,641.842201,0.0,
2023-02-08,MSFT,short,2,546.31314,0.0,
2023-02-08,SPY,short,1,761.5127249999999,0.0,
2023-02-09,AAPL,short,1,559.510929,0.0,
2023-02-09,MSFT,short,2,423.327249,0.0,
2023-02-09,SPY,short,1,786.1620509999999,0.0,
2023-02-10,AAPL,short,2,573.9324929999999,0.0,
2023-02-10,MSFT,short,2,257.926815,0.0,
2023-02-10,SPY,short,1,706.989303,0.0,
2023-02-13,AAPL,short,2,621.36801,0.0,
2023-02-13,MSFT,short,5,445.86269100000004,0.0,
2023-02-13,SPY,short,1,648.485865,0.0,
2023-02-14,AAPL,short,1,616.458924,0.0,
2023-02-14,MSFT,short,2,370.108521,0.0,
2023-02-14,SPY,cover,2,883.893,0.0,
2023-02-15,AAPL,short,1,655.082262,0.0,
2023-02-15,MSFT,short,3,288.934776,0.0,
2023-02-15,SPY,short,1,614.941443,0.0,
2023-02-16,AAPL,long,2,682.360679,0.0,
2023-02-16,MSFT,short,4,295.739964,0.0,
2023-02-16,SPY,long,2,765.0793150000001,0.0,
2023-02-17,MSFT,short,4,299.70099899999997,0.0,
2023-02-17,SPY,long,1,893.4705779999999,0.0,
2023-02-17,AAPL,exit,1,591.441,0.0,
2023-02-21,AAPL,long,2,589.260672,0.0,
2023-02-21,MSFT,long,4,284.257974,0.0,
2023-02-21,SPY,long,1,827.385559,0.0,
2023-02-22,AAPL,long,2,510.623113,0.0,
2023-02-22,MSFT,short,4,224.686089,0.0,
2023-02-22,SPY,long,1,838.260423,0.0,
2023-02-23,AAPL,long,2,484.425942,0.0,
2023-02-23,MSFT,long,6,292.483191,0.0,
2023-02-23,SPY,short,2,961.4615759999999,0.0,
2023-02-24,AAPL,long,2,555.2506960000001,0.0,
2023-02-24,MSFT,long,4,250.158909,0.0,
2023-02-24,SPY,long,1,1083.025944,0.0,
2023-02-27,AAPL,short,2,449.535015,0.0,
2023-02-27,MSFT,long,5,212.11190000000002,0.0,
2023-02-27,SPY,short,1,803.642553,0.0,
2023-02-28,AAPL,long,4,505.97547000000003,0.0,
2023-02-28,MSFT,short,6,224.68509,0.0,
2023-02-28,SPY,short,1,963.421614,0.0,
2023-03-01,AAPL,long,4,555.34479,0.0,
2023-03-01,MSFT,short,6,275.37734700000004,0.0,
2023-03-01,SPY,short,2,996.070932,0.0,
2023-03-02,AAPL,long,5,522.903381,0.0,
2023-03-02,MSFT,long,4,248.330082,0.0,
2023-03-02,SPY,short,2,850.426722,0.0,
2023-03-03,AAPL,long,6,708.030323,0.0,
2023-03-03,MSFT,long,5,307.908601,0.0,
2023-03-03,SPY,short,2,900.2988,0.0,
2023-03-06,AAPL,long,4,876.45558,0.0,
2023-03-06,MSFT,long,5,241.339098,0.0,
2023-03-06,SPY,short,2,727.2310409999999,0.0,
2023-03-07,MSFT,long,7,214.946732,0.0,
2023-03-07,SPY,long,2,1084.189106,0.0,
2023-03-07,AAPL,exit,29,561.82,0.0,
2023-03-08,AAPL,long,2,472.520048,0.0,
2023-03-08,MSFT,long,6,173.575402,0.0,
2023-03-08,SPY,short,1,746.718534,0.0,
2023-03-09,AAPL,long,3,538.874336,0.0,
2023-03-09,MSFT,long,8,266.80053399999997,0.0,
2023-03-09,SPY,short,1,1118.333547,0.0,
2023-03-10,AAPL,long,2,686.4097240000001,0.0,
2023-03-10,MSFT,long,5,283.622339,0.0,
2023-03-10,SPY,short,1,1890.63747,0.0,
2023-03-13,AAPL,short,2,843.726429,0.0,
2023-03-13,MSFT,long,5,333.730397,0.0,
2023-03-13,SPY,short,1,1576.3221,0.0,
2023-03-14,AAPL,short,2,736.222041,0.0,
2023-03-14,SPY,short,1,1496.0264759999998,0.0,
2023-03-14,MSFT,cover,1,336.203,0.0,
2023-03-15,MSFT,long,5,460.74028,0.0,
2023-03-15,SPY,short,1,1728.239031,0.0,
2023-03-15,AAPL,exit,3,771.679,0.0,
2023-03-16,AAPL,long,2,762.372611,0.0,
2023-03-16,MSFT,exit,5,547.688,0.0,
2023-03-16,SPY,cover,11,1432.542,0.0,
2023-03-17,AAPL,long,2,990.4354460000001,0.0,
2023-03-17,MSFT,short,5,694.578726,0.0,
2023-03-17,SPY,short,1,1404.1284660000001,0.0,
2023-03-20,AAPL,short,2,735.677586,0.0,
2023-03-20,MSFT,short,4,434.231334,0.0,
2023-03-20,SPY,short,1,929.627442,0.0,
2023-03-21,AAPL,short,1,738.6436170000001,0.0,
2023-03-21,MSFT,short,3,345.24141299999997,0.0,
2023-03-21,SPY,short,1,914.3267579999999,0.0,
2023-03-22,AAPL,short,2,756.260982,0.0,
2023-03-22,MSFT,short,3,348.384267,0.0,
2023-03-22,SPY,short,1,1116.348534,0.0,
2023-03-23,AAPL,short,2,675.544779,0.0,
2023-03-23,MSFT,short,3,365.742891,0.0,
2023-03-23,SPY,short,1,1192.319487,0.0,
2023-03-24,AAPL,short,2,591.3730350000001,0.0,
2023-03-24,MSFT,short,3,281.43828,0.0,
2023-03-24,SPY,short,1,1075.747176,0.0,
2023-03-27,AAPL,short,2,523.379097,0.0,
2023-03-27,MSFT,short,4,268.133598,0.0,
2023-03-27,SPY,short,1,739.3638960000001,0.0,
2023-03-28,AAPL,short,3,459.462078,0.0,
2023-03-28,MSFT,short,5,218.567214,0.0,
2023-03-28,SPY,short,1,628.0882829999999,0.0,
2023-03-29,AAPL,short,3,512.543943,0.0,
2023-03-29,MSFT,short,7,250.61913,0.0,
2023-03-29,SPY,cover,8,774.979,0.0,
2023-03-30,AAPL,short,3,494.521983,0.0,
2023-03-30,MSFT,short,5,250.283466,0.0,
2023-03-30,SPY,short,1,697.7016,0.0,
2023-03-31,AAPL,short,3,686.810502,0.0,
2023-03-31,MSFT,short,5,327.33234000000004,0.0,
2023-03-31,SPY,short,2,1119.505374,0.0,
2023-04-03,AAPL,long,2,570.3317619999999,0.0,
2023-04-03,MSFT,long,3,249.081833,0.0,
2023-04-03,SPY,short,1,673.237089,0.0,
2023-04-04,AAPL,long,3,463.245783,0.0,
2023-04-04,MSFT,short,5,257.984757,0.0,
2023-04-04,SPY,cover,4,666.015,0.0,
2023-04-05,AAPL,long,3,515.632117,0.0,
2023-04-05,MSFT,short,5,220.42735199999998,0.0,
2023-04-05,SPY,long,2,652.654002,0.0,
2023-04-06,AAPL,short,3,453.44709900000004,0.0,
2023-04-06,MSFT,short,7,297.40529699999996,0.0,
2023-04-06,SPY,short,2,636.795567,0.0,
2023-04-10,AAPL,long,3,477.646169,0.0,
2023-04-10,MSFT,long,4,231.26103,0.0,
2023-04-10,SPY,long,2,637.4468099999999,0.0,
2023-04-11,AAPL,long,4,476.918442,0.0,
2023-04-11,MSFT,short,6,272.49323400000003,0.0,
2023-04-11,SPY,long,2,593.571979,0.0,
2023-04-12,AAPL,long,4,501.832331,0.0,
2023-04-12,MSFT,long,7,274.30803399999996,0.0,
2023-04-12,SPY,long,2,865.0682039999999,0.0,
2023-04-13,AAPL,long,4,685.140456,0.0,
2023-04-13,MSFT,long,7,242.46922700000002,0.0,
2023-04-13,SPY,long,2,859.006148,0.0,
2023-04-14,AAPL,long,4,494.35886500000004,0.0,
2023-04-14,MSFT,long,7,210.088879,0.0,
2023-04-14,SPY,long,2,782.396615,0.0,
2023-04-17,AAPL,long,3,415.577162,0.0,
2023-04-17,MSFT,long,8,238.600362,0.0,
2023-04-17,SPY,long,2,665.028364,0.0,
2023-04-18,AAPL,long,3,499.72923000000003,0.0,
2023-04-18,MSFT,long,7,201.819618,0.0,
2023-04-18,SPY,long,2,636.2356,0.0,
2023-04-19,AAPL,long,3,477.679202,0.0,
2023-04-19,MSFT,long,7,171.674503,0.0,
2023-04-19,SPY,long,2,552.825273,0.0,
2023-04-20,AAPL,long,3,525.088564,0.0,
2023-04-20,MSFT,long,8,232.67644399999998,0.0,
2023-04-20,SPY,long,2,759.162404,0.0,
2023-04-21,AAPL,long,3,583.9563730000001,0.0,
2023-04-21,MSFT,long,7,216.98076400000002,0.0,
2023-04-21,SPY,long,2,735.3085739999999,0.0,
2023-04-24,AAPL,long,4,419.91549599999996,0.0,
2023-04-24,MSFT,long,8,266.37611000000004,0.0,
2023-04-24,SPY,long,3,643.964321,0.0,
2023-04-25,AAPL,long,3,487.628141,0.0,
2023-04-25,MSFT,long,7,458.17972199999997,0.0,
2023-04-25,SPY,long,4,978.644667,0.0,
2023-04-26,AAPL,short,4,454.533012,0.0,
2023-04-26,MSFT,short,7,645.346008,0.0,
2023-04-26,SPY,exit,27,804.47,0.0,
2023-04-27,AAPL,short,4,648.373977,0.0,
2023-04-27,MSFT,short,5,464.16137399999997,0.0,
2023-04-27,SPY,long,3,930.6136839999999,0.0,
2023-04-28,AAPL,short,4,552.206241,0.0,
2023-04-28,SPY,short,3,893.436669,0.0,
2023-04-28,MSFT,cover,2,364.696,0.0,
2023-05-01,AAPL,short,3,524.2042710000001,0.0,
2023-05-01,MSFT,long,4,213.153941,0.0,
2023-05-01,SPY,short,3,620.601777,0.0,
2023-05-02,AAPL,long,3,484.741257,0.0,
2023-05-02,MSFT,long,8,264.308044,0.0,
2023-05-02,SPY,long,2,1041.0249849999998,0.0,
2023-05-03,AAPL,long,3,652.01136,0.0,
2023-05-03,MSFT,short,6,223.384392,0.0,
2023-05-03,SPY,short,2,914.402682,0.0,
2023-05-04,AAPL,short,3,811.541646,0.0,
2023-05-04,MSFT,short,7,224.973801,0.0,
2023-05-04,SPY,short,2,948.069981,0.0,
2023-05-05,AAPL,short,4,1133.397468,0.0,
2023-05-05,MSFT,short,8,281.689029,0.0,
2023-05-05,SPY,short,2,878.039082,0.0,
2023-05-08,AAPL,short,3,559.0683720000001,0.0,
2023-05-08,MSFT,short,7,212.972814,0.0,
2023-05-08,SPY,short,2,499.967532,0.0,
2023-05-09,AAPL,short,3,452.815731,0.0,
2023-05-09,MSFT,long,9,213.62140799999997,0.0,
2023-05-09,SPY,short,3,491.708799,0.0,
2023-05-10,AAPL,short,4,536.707755,0.0,
2023-05-10,MSFT,short,8,300.47922,0.0,
2023-05-10,SPY,short,3,960.467571,0.0,
2023-05-11,AAPL,short,3,494.651853,0.0,
2023-05-11,MSFT,long,5,317.118802,0.0,
2023-05-11,SPY,short,1,700.8694290000001,0.0,
2023-05-12,AAPL,short,3,454.875669,0.0,
2023-05-12,SPY,short,2,704.110185,0.0,
2023-05-12,MSFT,cover,10,197.747,0.0,
2023-05-15,AAPL,short,4,372.294333,0.0,
2023-05-15,MSFT,short,9,163.201635,0.0,
2023-05-15,SPY,short,2,542.351106,0.0,
2023-05-16,AAPL,short,5,420.681897,0.0,
2023-05-16,MSFT,long,12,267.570303,0.0,
2023-05-16,SPY,long,3,577.6320549999999,0.0,
2023-05-17,AAPL,long,4,580.095516,0.0,
2023-05-17,MSFT,short,7,242.90685,0.0,
2023-05-17,SPY,long,3,873.74287,0.0,
2023-05-18,AAPL,short,2,654.3120329999999,0.0,
2023-05-18,MSFT,short,6,272.48724,0.0,
2023-05-18,SPY,short,1,970.8002280000001,0.0,
2023-05-19,MSFT,short,5,275.191533,0.0,
2023-05-19,SPY,long,1,1038.970933,0.0,
2023-05-19,AAPL,cover,12,558.095,0.0,
2023-05-22,AAPL,long,2,436.144709,0.0,
2023-05-22,MSFT,long,6,241.398157,0.0,
2023-05-22,SPY,short,1,606.846546,0.0,
2023-05-23,AAPL,long,4,507.980473,0.0,
2023-05-23,MSFT,long,8,308.279972,0.0,
2023-05-23,SPY,long,2,864.698835,0.0,
2023-05-24,AAPL,long,3,451.886435,0.0,
2023-05-24,MSFT,long,7,234.08284899999998,0.0,
2023-05-24,SPY,long,1,893.029137,0.0,
2023-05-25,AAPL,short,3,560.022417,0.0,
2023-05-25,MSFT,long,7,433.450017,0.0,
2023-05-25,SPY,short,1,908.706384,0.0,
2023-05-26,AAPL,long,3,548.89835,0.0,
2023-05-26,MSFT,long,5,366.672306,0.0,
2023-05-26,SPY,short,1,937.3616999999999,0.0,
2023-05-30,AAPL,short,4,559.084356,0.0,
2023-05-30,MSFT,long,5,295.326031,0.0,
2023-05-30,SPY,short,2,721.4378399999999,0.0,
2023-05-31,AAPL,long,4,997.2492530000001,0.0,
2023-05-31,MSFT,short,5,459.046494,0.0,
2023-05-31,SPY,short,2,1107.0098819999998,0.0,
2023-06-01,AAPL,short,3,688.328982,0.0,
2023-06-01,MSFT,short,4,267.47126099999997,0.0,
2023-06-01,SPY,long,2,889.53865,0.0,
2023-06-02,AAPL,long,2,620.588969,0.0,
2023-06-02,MSFT,short,6,258.479262,0.0,
2023-06-02,SPY,short,2,913.3477379999999,0.0,
2023-06-05,AAPL,long,2,1220.6844649999998,0.0,
2023-06-05,MSFT,short,6,212.85792899999998,0.0,
2023-06-05,SPY,short,1,653.947398,0.0,
2023-06-06,AAPL,short,2,647.835516,0.0,
2023-06-06,MSFT,short,8,203.758038,0.0,
2023-06-06,SPY,short,2,639.581778,0.0,
2023-06-07,AAPL,short,2,618.826554,0.0,
2023-06-07,MSFT,short,8,406.763829,0.0,
2023-06-07,SPY,short,2,852.8792669999999,0.0,
2023-06-08,AAPL,short,2,501.646851,0.0,
2023-06-08,MSFT,short,3,232.544223,0.0,
2023-06-08,SPY,short,1,618.9084720000001,0.0,
2023-06-09,AAPL,short,3,488.511,0.0,
2023-06-09,MSFT,long,7,225.51529,0.0,
2023-06-09,SPY,long,2,858.285428,0.0,
2023-06-12,AAPL,short,3,542.2062510000001,0.0,
2023-06-12,MSFT,long,7,242.845603,0.0,
2023-06-12,SPY,short,1,760.281957,0.0,
2023-06-13,AAPL,short,3,548.741709,0.0,
2023-06-13,MSFT,short,6,229.283487,0.0,
2023-06-13,SPY,cover,23,958.997,0.0,
2023-06-14,AAPL,short,2,574.0543710000001,0.0,
2023-06-14,MSFT,short,6,259.777962,0.0,
2023-06-14,SPY,short,1,1005.114879,0.0,
2023-06-15,AAPL,short,2,653.677668,0.0,
2023-06-15,MSFT,short,5,388.602009,0.0,
2023-06-15,SPY,short,1,1101.9279689999998,0.0,
2023-06-16,AAPL,long,2,1013.574562,0.0,
2023-06-16,MSFT,long,3,465.98552,0.0,
2023-06-16,SPY,long,1,1142.799658,0.0,
2023-06-20,AAPL,long,1,498.488991,0.0,
2023-06-20,MSFT,long,3,264.017754,0.0,
2023-06-20,SPY,long,1,762.3656040000001,0.0,
2023-06-21,AAPL,short,2,494.661843,0.0,
2023-06-21,MSFT,long,5,251.429178,0.0,
2023-06-21,SPY,long,1,770.592823,0.0,
2023-06-22,AAPL,short,3,511.940547,0.0,
2023-06-22,MSFT,long,5,235.803568,0.0,
2023-06-22,SPY,short,2,705.665628,0.0,
2023-06-23,AAPL,short,2,530.63883,0.0,
2023-06-23,MSFT,long,6,231.700469,0.0,
2023-06-23,SPY,short,2,919.824255,0.0,
2023-06-26,AAPL,short,2,480.406113,0.0,
2023-06-26,MSFT,short,6,214.990794,0.0,
2023-06-26,SPY,short,1,727.507764,0.0,
2023-06-27,AAPL,short,3,506.80069199999997,0.0,
2023-06-27,MSFT,short,7,243.297459,0.0,
2023-06-27,SPY,short,2,727.408863,0.0,
2023-06-28,AAPL,long,3,512.680168,0.0,
2023-06-28,MSFT,long,6,202.797595,0.0,
2023-06-28,SPY,long,2,757.11636,0.0,
2023-06-29,AAPL,long,3,463.93647300000003,0.0,
2023-06-29,MSFT,long,7,170.13997,0.0,
2023-06-29,SPY,short,2,678.144177,0.0,
2023-06-30,AAPL,long,3,852.9841319999999,0.0,
2023-06-30,MSFT,long,9,268.59632799999997,0.0,
2023-06-30,SPY,long,2,1050.68964,0.0,
2023-07-03,MSFT,long,5,125.212087,0.0,
2023-07-03,SPY,short,2,327.606066,0.0,
2023-07-03,AAPL,cover,9,314.582,0.0,
2023-07-05,AAPL,long,4,469.67220299999997,0.0,
2023-07-05,MSFT,long,12,181.905724,0.0,
2023-07-05,SPY,long,4,584.768184,0.0,
2023-07-06,AAPL,long,3,451.393943,0.0,
2023-07-06,MSFT,short,8,281.330388,0.0,
2023-07-06,SPY,short,2,805.7764169999999,0.0,
2023-07-07,AAPL,long,3,468.61814999999996,0.0,
2023-07-07,MSFT,short,5,211.93585199999998,0.0,
2023-07-07,SPY,short,1,860.480658,0.0,
2023-07-10,AAPL,long,3,599.821222,0.0,
2023-07-10,MSFT,long,7,328.241914,0.0,
2023-07-10,SPY,long,1,625.0594349999999,0.0,
2023-07-11,AAPL,short,2,465.91461899999996,0.0,
2023-07-11,MSFT,short,5,266.71501800000004,0.0,
2023-07-11,SPY,short,2,643.993362,0.0,
2023-07-12,AAPL,long,3,608.1095019999999,0.0,
2023-07-12,MSFT,long,5,300.252953,0.0,
2023-07-12,SPY,long,2,920.164245,0.0,
2023-07-13,AAPL,long,2,413.836423,0.0,
2023-07-13,MSFT,long,5,205.877672,0.0,
2023-07-13,SPY,long,1,724.9762519999999,0.0,
2023-07-14,AAPL,long,3,416.57816199999996,0.0,
2023-07-14,MSFT,short,7,283.243473,0.0,
2023-07-14,SPY,long,1,698.856158,0.0,
2023-07-17,AAPL,long,3,505.707202,0.0,
2023-07-17,MSFT,long,5,203.84263900000002,0.0,
2023-07-17,SPY,long,2,527.328802,0.0,
2023-07-18,AAPL,long,3,483.364882,0.0,
2023-07-18,MSFT,long,7,648.033386,0.0,
2023-07-18,SPY,long,2,807.488682,0.0,
2023-07-19,AAPL,long,3,805.878073,0.0,
2023-07-19,MSFT,short,3,396.931671,0.0,
2023-07-19,SPY,long,2,659.575917,0.0,
2023-07-20,AAPL,short,2,595.216188,0.0,
2023-07-20,MSFT,short,4,337.446216,0.0,
2023-07-20,SPY,short,2,705.210084,0.0,
2023-07-21,AAPL,long,2,720.236517,0.0,
2023-07-21,MSFT,long,4,694.748054,0.0,
2023-07-21,SPY,exit,2,712.756,0.0,
2023-07-24,AAPL,long,2,454.231778,0.0,
2023-07-24,MSFT,short,2,266.514219,0.0,
2023-07-25,AAPL,short,3,372.459168,0.0,
2023-07-25,MSFT,long,5,416.793377,0.0,
2023-07-25,SPY,long,2,552.463912,0.0,
2023-07-26,AAPL,short,3,474.244281,0.0,
2023-07-26,MSFT,short,3,583.253163,0.0,
2023-07-26,SPY,short,2,709.818471,0.0,
2023-07-27,AAPL,short,3,474.12739799999997,0.0,
2023-07-27,MSFT,short,2,395.95664700000003,0.0,
2023-07-27,SPY,long,2,922.865944,0.0,
2023-07-28,AAPL,short,3,482.431086,0.0,
2023-07-28,MSFT,short,3,284.564151,0.0,
2023-07-28,SPY,long,2,800.918118,0.0,
2023-07-31,AAPL,short,2,387.852759,0.0,
2023-07-31,MSFT,short,5,254.20554,0.0,
2023-07-31,SPY,short,2,619.783596,0.0,
2023-08-01,AAPL,long,3,352.10275099999996,0.0,
2023-08-01,MSFT,short,5,182.935881,0.0,
2023-08-01,SPY,long,2,553.467915,0.0,
2023-08-02,AAPL,short,3,503.38910699999997,0.0,
2023-08-02,MSFT,short,6,277.335387,0.0,
2023-08-02,SPY,short,2,938.3946659999999,0.0,
2023-08-03,AAPL,short,2,611.739648,0.0,
2023-08-03,MSFT,short,5,182.354463,0.0,
2023-08-03,SPY,short,2,642.118239,0.0,
2023-08-04,AAPL,short,2,1158.408432,0.0,
2023-08-04,MSFT,short,7,237.177585,0.0,
2023-08-04,SPY,short,2,1000.287711,0.0,
2023-08-07,AAPL,short,2,974.7852389999999,0.0,
2023-08-07,MSFT,short,7,177.237585,0.0,
2023-08-07,SPY,short,1,582.991425,0.0,
2023-08-08,MSFT,long,9,223.499276,0.0,
2023-08-08,SPY,short,2,712.899387,0.0,
2023-08-08,AAPL,exit,10,678.23,0.0,
2023-08-09,AAPL,long,2,604.388785,0.0,
2023-08-09,MSFT,long,6,223.956733,0.0,
2023-08-09,SPY,long,2,788.683896,0.0,
2023-08-10,AAPL,long,2,547.415869,0.0,
2023-08-10,MSFT,long,6,201.338137,0.0,
2023-08-10,SPY,short,1,929.1249449999999,0.0,
2023-08-11,AAPL,short,2,519.846633,0.0,
2023-08-11,MSFT,long,7,243.798555,0.0,
2023-08-11,SPY,long,1,687.595909,0.0,
2023-08-14,AAPL,short,2,436.31924399999997,0.0,
2023-08-14,MSFT,long,6,188.54936099999998,0.0,
2023-08-14,SPY,short,2,478.19532599999997,0.0,
2023-08-15,AAPL,short,3,435.789774,0.0,
2023-08-15,MSFT,long,8,169.83266300000003,0.0,
2023-08-15,SPY,short,3,756.3179250000001,0.0,
2023-08-16,AAPL,short,3,469.179351,0.0,
2023-08-16,MSFT,long,8,207.195989,0.0,
2023-08-16,SPY,long,1,801.873072,0.0,
2023-08-17,AAPL,long,3,661.289629,0.0,
2023-08-17,MSFT,long,7,212.784572,0.0,
2023-08-17,SPY,short,1,956.155887,0.0,
2023-08-18,MSFT,long,6,247.79755,0.0,
2023-08-18,SPY,short,1,987.53148,0.0,
2023-08-18,AAPL,cover,3,611.722,0.0,
2023-08-21,AAPL,long,2,463.58211900000003,0.0,
2023-08-21,MSFT,long,6,240.6404,0.0,
2023-08-21,SPY,short,1,686.5028100000001,0.0,
2023-08-22,AAPL,short,3,419.968611,0.0,
2023-08-22,MSFT,long,7,161.006846,0.0,
2023-08-22,SPY,long,2,650.591942,0.0,
2023-08-23,AAPL,short,3,526.7007719999999,0.0,
2023-08-23,MSFT,long,8,211.875664,0.0,
2023-08-23,SPY,short,2,683.72559,0.0,
2023-08-24,AAPL,short,2,548.908542,0.0,
2023-08-24,MSFT,long,8,233.04681399999998,0.0,
2023-08-24,SPY,short,2,884.287827,0.0,
2023-08-25,AAPL,short,3,513.981504,0.0,
2023-08-25,MSFT,long,8,217.057841,0.0,
2023-08-25,SPY,short,1,1022.227749,0.0,
2023-08-28,AAPL,short,3,437.768793,0.0,
2023-08-28,MSFT,long,9,148.23308500000002,0.0,
2023-08-28,SPY,short,1,615.338046,0.0,
2023-08-29,AAPL,short,4,529.508961,0.0,
2023-08-29,MSFT,long,9,193.038846,0.0,
2023-08-29,SPY,short,2,829.9881809999999,0.0,
2023-08-30,AAPL,short,4,607.530861,0.0,
2023-08-30,MSFT,long,7,152.373221,0.0,
2023-08-30,SPY,short,1,689.848461,0.0,
2023-08-31,AAPL,short,3,607.3370550000001,0.0,
2023-08-31,MSFT,long,8,264.37411000000003,0.0,
2023-08-31,SPY,long,1,661.506846,0.0,
2023-09-01,AAPL,long,5,458.12266500000004,0.0,
2023-09-01,MSFT,short,8,149.27058,0.0,
2023-09-01,SPY,short,2,588.8515590000001,0.0,
2023-09-05,AAPL,long,3,453.25280000000004,0.0,
2023-09-05,MSFT,long,9,185.724539,0.0,
2023-09-05,SPY,short,2,551.1103380000001,0.0,
2023-09-06,AAPL,long,4,818.375558,0.0,
2023-09-06,MSFT,long,8,175.533358,0.0,
2023-09-06,SPY,short,2,706.877415,0.0,
2023-09-07,MSFT,long,7,183.99381,0.0,
2023-09-07,SPY,short,1,702.8504459999999,0.0,
2023-09-07,AAPL,cover,11,1124.888,0.0,
2023-09-08,AAPL,short,2,654.857487,0.0,
2023-09-08,MSFT,long,6,195.496301,0.0,
2023-09-08,SPY,long,1,617.2135969999999,0.0,
2023-09-11,AAPL,short,1,588.941469,0.0,
2023-09-11,MSFT,short,6,165.667167,0.0,
2023-09-11,SPY,long,2,602.4028010000001,0.0,
2023-09-12,AAPL,long,2,904.605702,0.0,
2023-09-12,MSFT,long,7,175.830655,0.0,
2023-09-12,SPY,long,2,676.329654,0.0,
2023-09-13,AAPL,short,1,841.836321,0.0,
2023-09-13,MSFT,short,6,165.27855599999998,0.0,
2023-09-13,SPY,short,1,601.3910070000001,0.0,
2023-09-14,AAPL,short,1,608.3490419999999,0.0,
2023-09-14,MSFT,short,6,202.46732999999998,0.0,
2023-09-14,SPY,long,1,835.142308,0.0,
2023-09-15,AAPL,short,1,1091.502405,0.0,
2023-09-15,MSFT,long,6,377.174798,0.0,
2023-09-15,SPY,long,1,1119.607489,0.0,
2023-09-18,AAPL,short,1,671.903424,0.0,
2023-09-18,MSFT,short,6,168.17365800000002,0.0,
2023-09-18,SPY,long,2,558.079522,0.0,
2023-09-19,AAPL,short,1,517.750731,0.0,
2023-09-19,MSFT,long,6,165.224059,0.0,
2023-09-19,SPY,long,2,665.811146,0.0,
2023-09-20,AAPL,short,2,583.7776379999999,0.0,
2023-09-20,MSFT,long,6,214.579365,0.0,
2023-09-20,SPY,short,1,824.8003739999999,0.0,
2023-09-21,AAPL,short,2,630.859509,0.0,
2023-09-21,MSFT,short,5,355.24839599999996,0.0,
2023-09-21,SPY,long,1,1041.9989580000001,0.0,
2023-09-22,AAPL,short,2,566.686746,0.0,
2023-09-22,MSFT,short,6,214.264521,0.0,
2023-09-22,SPY,short,2,1007.288703,0.0,
2023-09-25,AAPL,short,2,461.265273,0.0,
2023-09-25,MSFT,short,5,178.18164000000002,0.0,
2023-09-25,SPY,short,1,708.036255,0.0,
2023-09-26,AAPL,short,2,645.243111,0.0,
2023-09-26,MSFT,long,6,263.238976,0.0,
2023-09-26,SPY,long,1,962.645684,0.0,
2023-09-27,AAPL,short,2,668.548782,0.0,
2023-09-27,MSFT,short,5,193.906899,0.0,
2023-09-27,SPY,short,1,1046.010942,0.0,
2023-09-28,AAPL,short,1,562.381056,0.0,
2023-09-28,MSFT,short,5,196.63916400000002,0.0,
2023-09-28,SPY,short,1,921.6604169999999,0.0,
2023-09-29,AAPL,short,2,518.092389,0.0,
2023-09-29,MSFT,short,5,241.231527,0.0,
2023-09-29,SPY,short,1,1149.9618870000002,0.0,
2023-10-02,AAPL,long,2,522.166645,0.0,
2023-10-02,MSFT,long,5,205.9057,0.0,
2023-10-02,SPY,short,1,837.148014,0.0,
2023-10-03,AAPL,short,2,495.450054,0.0,
2023-10-03,MSFT,short,6,210.12466500000002,0.0,
2023-10-03,SPY,short,1,1036.568394,0.0,
2023-10-04,AAPL,short,2,529.672797,0.0,
2023-10-04,MSFT,short,5,206.993799,0.0,
2023-10-04,SPY,short,1,873.6554699999999,0.0,
2023-10-05,AAPL,long,2,485.764279,0.0,
2023-10-05,MSFT,short,6,169.486344,0.0,
2023-10-05,SPY,short,1,700.725573,0.0,
2023-10-06,AAPL,long,2,573.239667,0.0,
2023-10-06,MSFT,short,7,256.479264,0.0,
2023-10-06,SPY,short,1,1131.600267,0.0,
2023-10-09,AAPL,long,3,424.331908,0.0,
2023-10-09,MSFT,short,4,198.713088,0.0,
2023-10-09,SPY,short,1,802.940256,0.0,
2023-10-10,AAPL,long,3,437.41698,0.0,
2023-10-10,MSFT,short,6,205.365429,0.0,
2023-10-10,SPY,short,1,785.286927,0.0,
2023-10-11,AAPL,long,4,475.986511,0.0,
2023-10-11,MSFT,short,6,200.431368,0.0,
2023-10-11,SPY,short,1,623.8924830000001,0.0,
2023-10-12,AAPL,long,4,567.9984310000001,0.0,
2023-10-12,MSFT,short,7,192.937869,0.0,
2023-10-12,SPY,short,2,810.730458,0.0,
2023-10-13,AAPL,long,3,514.785271,0.0,
2023-10-13,MSFT,long,7,210.934724,0.0,
2023-10-13,SPY,long,1,952.382431,0.0,
2023-10-16,AAPL,long,3,525.69517,0.0,
2023-10-16,MSFT,long,7,221.80158,0.0,
2023-10-16,SPY,short,1,753.577668,0.0,
2023-10-17,AAPL,long,5,576.0694940000001,0.0,
2023-10-17,MSFT,short,10,183.201615,0.0,
2023-10-17,SPY,short,1,752.493753,0.0,
2023-10-18,AAPL,long,4,548.191644,0.0,
2023-10-18,MSFT,short,10,231.304464,0.0,
2023-10-18,SPY,short,1,934.6624019999999,0.0,
2023-10-19,AAPL,long,5,593.622029,0.0,
2023-10-19,SPY,long,1,1214.44323,0.0,
2023-10-19,MSFT,exit,72,250.521,0.0,
2023-10-20,MSFT,long,7,250.527277,0.0,
2023-10-20,SPY,long,1,1240.4381990000002,0.0,
2023-10-20,AAPL,exit,15,642.44,0.0,
2023-10-23,MSFT,short,8,243.503253,0.0,
2023-10-23,SPY,short,1,919.430649,0.0,
2023-10-24,AAPL,short,4,437.727834,0.0,
2023-10-24,MSFT,short,10,311.224464,0.0,
2023-10-24,SPY,short,1,784.856358,0.0,
2023-10-25,AAPL,long,4,572.14157,0.0,
2023-10-25,SPY,long,1,943.174232,0.0,
2023-10-25,MSFT,cover,11,550.538,0.0,
2023-10-26,AAPL,long,3,706.959253,0.0,
2023-10-26,MSFT,short,5,377.906715,0.0,
2023-10-26,SPY,long,1,1152.719568,0.0,
2023-10-27,AAPL,short,2,584.406009,0.0,
2023-10-27,MSFT,short,3,298.266435,0.0,
2023-10-27,SPY,short,1,1072.6033229999998,0.0,
2023-10-30,AAPL,short,3,510.79869,0.0,
2023-10-30,MSFT,short,4,228.052719,0.0,
2023-10-30,SPY,short,1,864.7613729999999,0.0,
2023-10-31,AAPL,short,3,448.01153999999997,0.0,
2023-10-31,MSFT,short,5,202.450347,0.0,
2023-10-31,SPY,short,1,795.855348,0.0,
2023-11-01,AAPL,long,3,569.918349,0.0,
2023-11-01,MSFT,short,6,281.306412,0.0,
2023-11-01,SPY,long,1,981.661681,0.0,
2023-11-02,AAPL,short,2,772.5746519999999,0.0,
2023-11-02,MSFT,short,3,243.237519,0.0,
2023-11-02,SPY,short,1,948.439611,0.0,
2023-11-03,AAPL,short,2,797.4937080000001,0.0,
2023-11-03,MSFT,short,4,236.140623,0.0,
2023-11-03,SPY,short,1,1000.676322,0.0,
2023-11-06,AAPL,short,2,637.774587,0.0,
2023-11-06,MSFT,short,4,238.044717,0.0,
2023-11-06,SPY,short,1,677.638683,0.0,
2023-11-07,AAPL,short,3,704.5947,0.0,
2023-11-07,MSFT,short,6,258.080661,0.0,
2023-11-07,SPY,short,2,641.918439,0.0,
2023-11-08,AAPL,short,2,492.909597,0.0,
2023-11-08,MSFT,short,5,267.410322,0.0,
2023-11-08,SPY,short,2,616.84254,0.0,
2023-11-09,AAPL,short,3,537.097365,0.0,
2023-11-09,MSFT,short,5,248.22452700000002,0.0,
2023-11-09,SPY,short,2,830.9122560000001,0.0,
2023-11-10,AAPL,short,2,660.6726659999999,0.0,
2023-11-10,MSFT,short,5,280.140579,0.0,
2023-11-10,SPY,short,1,893.7273779999999,0.0,
2023-11-13,AAPL,short,1,435.83872499999995,0.0,
2023-11-13,MSFT,short,3,199.66513500000002,0.0,
2023-11-13,SPY,short,1,521.838639,0.0,
2023-11-14,AAPL,short,4,600.4829159999999,0.0,
2023-11-14,MSFT,short,9,276.562161,0.0,
2023-11-14,SPY,long,3,972.740769,0.0,
2023-11-15,AAPL,short,1,537.367095,0.0,
2023-11-15,MSFT,short,4,268.332399,0.0,
2023-11-15,SPY,long,1,774.049276,0.0,
2023-11-16,AAPL,long,2,544.673129,0.0,
2023-11-16,MSFT,short,6,271.551177,0.0,
2023-11-16,SPY,long,1,667.324658,0.0,
2023-11-17,AAPL,long,2,509.736227,0.0,
2023-11-17,MSFT,short,8,401.16843,0.0,
2023-11-17,SPY,long,2,832.163332,0.0,
2023-11-20,AAPL,short,1,464.58594899999997,0.0,
2023-11-20,MSFT,short,5,524.126349,0.0,
2023-11-20,SPY,long,1,700.0613619999999,0.0,
2023-11-21,AAPL,long,1,381.72634500000004,0.0,
2023-11-21,MSFT,short,3,283.946769,0.0,
2023-11-21,SPY,long,1,492.938446,0.0,
2023-11-22,AAPL,short,4,395.780823,0.0,
2023-11-22,MSFT,long,6,233.686453,0.0,
2023-11-22,SPY,short,3,593.355051,0.0,
2023-11-24,AAPL,long,4,240.72348300000002,0.0,
2023-11-24,MSFT,long,7,101.867766,0.0,
2023-11-24,SPY,long,3,297.671374,0.0,
2023-11-27,AAPL,long,11,405.931526,0.0,
2023-11-27,MSFT,long,26,222.013792,0.0,
2023-11-27,SPY,long,9,505.56506,0.0,
2023-11-28,AAPL,long,5,384.538154,0.0,
2023-11-28,MSFT,short,9,204.326469,0.0,
2023-11-28,SPY,long,4,621.7711499999999,0.0,
2023-11-29,AAPL,long,5,430.572142,0.0,
2023-11-29,MSFT,short,9,289.34436600000004,0.0,
2023-11-29,SPY,long,3,632.09146,0.0,
2023-11-30,AAPL,long,4,488.43194400000004,0.0,
2023-11-30,MSFT,short,6,305.238456,0.0,
2023-11-30,SPY,long,2,798.324527,0.0,
2023-12-01,AAPL,long,3,457.505048,0.0,
2023-12-01,MSFT,long,5,330.73540499999996,0.0,
2023-12-01,SPY,long,2,892.725834,0.0,
2023-12-04,AAPL,long,3,434.328895,0.0,
2023-12-04,MSFT,long,4,320.95363299999997,0.0,
2023-12-04,SPY,long,1,725.0333089999999,0.0,
2023-12-05,AAPL,long,5,666.950284,0.0,
2023-12-05,SPY,long,2,698.632935,0.0,
2023-12-05,MSFT,cover,69,230.65,0.0,
2023-12-06,AAPL,long,5,411.30789699999997,0.0,
2023-12-06,MSFT,long,8,212.03282099999998,0.0,
2023-12-06,SPY,long,2,691.9382469999999,0.0,
2023-12-07,AAPL,long,4,475.251777,0.0,
2023-12-07,MSFT,short,8,230.957811,0.0,
2023-12-07,SPY,short,2,669.284046,0.0,
2023-12-08,AAPL,short,4,533.529936,0.0,
2023-12-08,MSFT,short,8,201.342456,0.0,
2023-12-08,SPY,short,3,831.1120559999999,0.0,
2023-12-11,AAPL,long,4,610.046437,0.0,
2023-12-11,MSFT,short,9,276.81091200000003,0.0,
2023-12-11,SPY,short,3,649.371978,0.0,
2023-12-12,AAPL,long,4,527.4959690000001,0.0,
2023-12-12,MSFT,short,7,248.13461700000002,0.0,
2023-12-12,SPY,long,3,683.9592759999999,0.0,
2023-12-13,AAPL,short,4,703.3379580000001,0.0,
2023-12-13,MSFT,short,7,309.245445,0.0,
2023-12-13,SPY,short,3,931.84722,0.0,
2023-12-14,MSFT,long,7,433.20777499999997,0.0,
2023-12-14,AAPL,exit,25,668.316,0.0,
2023-12-14,SPY,cover,15,1190.26,0.0,
2023-12-15,AAPL,short,3,1284.098616,0.0,
2023-12-15,MSFT,short,6,784.237977,0.0,
2023-12-15,SPY,short,2,1414.121463,0.0,
2023-12-18,AAPL,short,2,556.961481,0.0,
2023-12-18,MSFT,short,3,217.810971,0.0,
2023-12-18,SPY,short,2,703.049247,0.0,
2023-12-19,AAPL,short,3,406.733859,0.0,
2023-12-19,MSFT,long,9,206.24303700000002,0.0,
2023-12-19,SPY,long,2,558.1756180000001,0.0,
2023-12-20,AAPL,short,5,521.905572,0.0,
2023-12-20,MSFT,long,10,263.430167,0.0,
2023-12-20,SPY,short,3,1028.1807900000001,0.0,
2023-12-21,AAPL,short,3,464.36017499999997,0.0,
2023-12-21,MSFT,short,7,176.90292000000002,0.0,
2023-12-21,SPY,short,2,865.808325,0.0,
2023-12-22,AAPL,short,4,371.124504,0.0,
2023-12-22,MSFT,short,11,170.903925,0.0,
2023-12-22,SPY,short,2,670.932396,0.0,
2023-12-26,AAPL,short,5,288.903807,0.0,
2023-12-26,MSFT,short,12,126.60426899999999,0.0,
2023-12-26,SPY,short,3,553.31613,0.0,
2023-12-27,AAPL,short,7,480.396123,0.0,
2023-12-27,MSFT,short,18,148.904946,0.0,
2023-12-27,SPY,short,4,679.322997,0.0,
2023-12-28,AAPL,short,4,340.158501,0.0,
2023-12-28,MSFT,short,13,143.12673,0.0,
2023-12-28,SPY,long,3,772.352581,0.0,
2023-12-29,AAPL,short,6,426.294279,0.0,
2023-12-29,MSFT,long,15,187.495308,0.0,
2023-12-29,SPY,short,2,1221.6081689999999,0.0,
2024-01-02,MSFT,long,9,252.83858600000002,0.0,
2024-01-02,SPY,short,1,1235.000763,0.0,
2024-01-02,AAPL,cover,42,824.887,0.0,
2024-01-03,AAPL,long,1,584.729145,0.0,
2024-01-03,MSFT,long,4,231.06583500000002,0.0,
2024-01-03,SPY,long,1,1036.894859,0.0,
2024-01-04,AAPL,long,2,720.555836,0.0,
2024-01-04,MSFT,long,5,209.22401499999998,0.0,
2024-01-04,SPY,long,1,843.164322,0.0,
2024-01-05,AAPL,long,1,624.420797,0.0,
2024-01-05,MSFT,long,6,210.256046,0.0,
2024-01-05,SPY,short,1,860.327811,0.0,
2024-01-08,AAPL,long,2,592.0364450000001,0.0,
2024-01-08,MSFT,long,6,231.57134,0.0,
2024-01-08,SPY,short,1,748.0422090000001,0.0,
2024-01-09,AAPL,long,2,428.846418,0.0,
2024-01-09,MSFT,long,5,208.50830000000002,0.0,
2024-01-09,SPY,short,1,658.654686,0.0,
2024-01-10,AAPL,short,3,467.46107099999995,0.0,
2024-01-10,MSFT,short,9,254.886858,0.0,
2024-01-10,SPY,short,2,672.432894,0.0,
2024-01-11,AAPL,short,2,490.792716,0.0,
2024-01-11,MSFT,long,8,278.78650799999997,0.0,
2024-01-11,SPY,short,2,778.627593,0.0,
2024-01-12,AAPL,short,2,404.373222,0.0,
2024-01-12,MSFT,long,8,216.828612,0.0,
2024-01-12,SPY,short,1,579.683736,0.0,
2024-01-16,AAPL,long,3,656.68603,0.0,
2024-01-16,MSFT,long,9,272.295023,0.0,
2024-01-16,SPY,long,2,850.999149,0.0,
2024-01-17,SPY,long,1,689.127439,0.0,
2024-01-17,AAPL,exit,4,473.174,0.0,
2024-01-17,MSFT,cover,9,222.341,0.0,
2024-01-18,AAPL,long,2,780.838058,0.0,
2024-01-18,SPY,long,1,919.480562,0.0,
2024-01-19,AAPL,long,1,689.71903,0.0,
2024-01-19,MSFT,short,7,293.01768899999996,0.0,
2024-01-19,SPY,short,1,1107.236655,0.0,
2024-01-22,AAPL,short,1,600.737661,0.0,
2024-01-22,MSFT,short,5,269.898831,0.0,
2024-01-22,SPY,short,1,757.6905509999999,0.0,
2024-01-23,AAPL,long,2,423.979556,0.0,
2024-01-23,MSFT,long,7,205.464259,0.0,
2024-01-23,SPY,long,1,499.952453,0.0,
2024-01-24,AAPL,short,3,535.776687,0.0,
2024-01-24,MSFT,short,8,248.42132999999998,0.0,
2024-01-24,SPY,long,2,818.4676499999999,0.0,
2024-01-25,AAPL,short,2,547.672779,0.0,
2024-01-25,MSFT,short,7,210.00178799999998,0.0,
2024-01-25,SPY,short,1,724.52475,0.0,
2024-01-26,AAPL,short,2,445.49406,0.0,
2024-01-26,MSFT,short,7,177.854967,0.0,
2024-01-26,SPY,short,1,765.649584,0.0,
2024-01-29,AAPL,short,3,470.984544,0.0,
2024-01-29,MSFT,short,7,244.856898,0.0,
2024-01-29,SPY,short,1,612.6147719999999,0.0,
2024-01-30,AAPL,short,2,558.0354060000001,0.0,
2024-01-30,MSFT,short,6,334.44122400000003,0.0,
2024-01-30,SPY,short,2,585.597816,0.0,
2024-01-31,AAPL,short,2,554.123322,0.0,
2024-01-31,MSFT,short,5,478.23228900000004,0.0,
2024-01-31,SPY,long,2,1261.3711110000002,0.0,
2024-02-01,AAPL,long,1,649.5028540000001,0.0,
2024-02-01,MSFT,short,2,306.270423,0.0,
2024-02-01,SPY,cover,20,918.916,0.0,
2024-02-02,AAPL,short,1,1024.491483,0.0,
2024-02-02,MSFT,long,3,282.849567,0.0,
2024-02-02,SPY,long,1,993.2742820000001,0.0,
2024-02-05,AAPL,short,1,695.991312,0.0,
2024-02-05,MSFT,long,3,253.776523,0.0,
2024-02-05,SPY,exit,1,757.571,0.0,
2024-02-06,AAPL,long,1,435.342908,0.0,
2024-02-06,MSFT,short,4,183.64217399999998,0.0,
2024-02-06,SPY,long,1,559.745186,0.0,
2024-02-07,MSFT,short,7,223.181595,0.0,
2024-02-07,SPY,long,2,706.270565,0.0,
2024-02-07,AAPL,cover,10,534.39,0.0,
2024-02-08,AAPL,short,2,409.21038,0.0,
2024-02-08,MSFT,short,5,212.04074699999998,0.0,
2024-02-08,SPY,short,1,522.9125640000001,0.0,
2024-02-09,AAPL,short,2,451.10044800000003,0.0,
2024-02-09,MSFT,short,5,220.107672,0.0,
2024-02-09,SPY,short,2,639.1542059999999,0.0,
2024-02-12,AAPL,short,2,417.401181,0.0,
2024-02-12,MSFT,short,5,211.816971,0.0,
2024-02-12,SPY,short,1,564.457977,0.0,
2024-02-13,AAPL,short,2,564.729705,0.0,
2024-02-13,MSFT,short,5,277.970751,0.0,
2024-02-13,SPY,short,2,1129.8610079999999,0.0,
2024-02-14,AAPL,long,1,546.8513049999999,0.0,
2024-02-14,MSFT,long,3,204.216012,0.0,
2024-02-14,SPY,long,1,684.5618780000001,0.0,
2024-02-15,AAPL,short,2,653.690655,0.0,
2024-02-15,MSFT,short,6,218.036745,0.0,
2024-02-15,SPY,short,1,616.21317,0.0,
2024-02-16,AAPL,long,1,498.022525,0.0,
2024-02-16,MSFT,long,5,223.187965,0.0,
2024-02-16,SPY,long,1,756.0843289999999,0.0,
2024-02-20,AAPL,long,2,537.1926559999999,0.0,
2024-02-20,MSFT,long,5,243.322079,0.0,
2024-02-20,SPY,long,1,718.0843669999999,0.0,
2024-02-21,AAPL,long,2,414.127714,0.0,
2024-02-21,MSFT,long,4,185.374189,0.0,
2024-02-21,SPY,long,1,593.526934,0.0,
2024-02-22,AAPL,short,3,522.399078,0.0,
2024-02-22,MSFT,short,7,269.828901,0.0,
2024-02-22,SPY,short,2,763.260975,0.0,
2024-02-23,AAPL,short,2,450.745803,0.0,
2024-02-23,MSFT,long,6,163.121959,0.0,
2024-02-23,SPY,long,1,613.8312179999999,0.0,
2024-02-26,AAPL,short,3,408.26532599999996,0.0,
2024-02-26,MSFT,short,8,161.773065,0.0,
2024-02-26,SPY,long,2,504.37086700000003,0.0,
2024-02-27,AAPL,short,3,542.645811,0.0,
2024-02-27,MSFT,short,8,148.209642,0.0,
2024-02-27,SPY,short,2,488.056455,0.0,
2024-02-28,AAPL,short,3,489.049461,0.0,
2024-02-28,MSFT,short,9,131.69916899999998,0.0,
2024-02-28,SPY,short,2,564.500934,0.0,
2024-02-29,AAPL,long,3,1368.192826,0.0,
2024-02-29,MSFT,long,11,319.79247300000003,0.0,
2024-02-29,SPY,short,2,838.408752,0.0,
2024-03-01,AAPL,short,1,734.895369,0.0,
2024-03-01,MSFT,long,1,178.412234,0.0,
2024-03-01,SPY,long,1,769.216448,0.0,
2024-03-04,AAPL,long,1,815.916101,0.0,
2024-03-04,MSFT,long,5,176.13596,0.0,
2024-03-04,SPY,long,1,498.490993,0.0,
2024-03-05,AAPL,long,1,952.275324,0.0,
2024-03-05,MSFT,long,6,269.461192,0.0,
2024-03-05,SPY,long,2,729.2845560000001,0.0,
2024-03-06,AAPL,long,1,686.562877,0.0,
2024-03-06,MSFT,long,2,223.664441,0.0,
2024-03-06,SPY,long,1,684.5078239999999,0.0,
2024-03-07,AAPL,short,1,716.9333489999999,0.0,
2024-03-07,MSFT,long,4,187.372185,0.0,
2024-03-07,SPY,short,1,585.934479,0.0,
2024-03-08,AAPL,short,1,761.90733,0.0,
2024-03-08,MSFT,short,5,179.84197799999998,0.0,
2024-03-08,SPY,short,1,864.4596750000001,0.0,
2024-03-11,AAPL,short,1,600.793605,0.0,
2024-03-11,MSFT,long,5,161.369208,0.0,
2024-03-11,SPY,short,1,624.946428,0.0,
2024-03-12,AAPL,short,1,597.655746,0.0,
2024-03-12,MSFT,long,7,224.79457,0.0,
2024-03-12,SPY,long,1,731.875144,0.0,
2024-03-13,AAPL,short,1,524.3621129999999,0.0,
2024-03-13,MSFT,short,4,170.987841,0.0,
2024-03-13,SPY,short,1,550.489959,0.0,
2024-03-14,AAPL,short,2,728.405865,0.0,
2024-03-14,MSFT,long,6,341.91457299999996,0.0,
2024-03-14,SPY,long,2,1102.819718,0.0,
2024-03-15,AAPL,short,1,1216.309473,0.0,
2024-03-15,MSFT,cover,49,450.799,0.0,
2024-03-15,SPY,cover,1,1076.463,0.0,
2024-03-18,AAPL,short,1,755.285958,0.0,
2024-03-18,MSFT,short,1,200.85894,0.0,
2024-03-18,SPY,short,1,888.044067,0.0,
2024-03-19,AAPL,short,1,551.5998480000001,0.0,
2024-03-19,MSFT,long,2,198.57737899999998,0.0,
2024-03-19,SPY,long,1,608.160553,0.0,
2024-03-20,AAPL,short,1,533.696769,0.0,
2024-03-20,SPY,short,1,695.250054,0.0,
2024-03-20,MSFT,exit,1,178.601,0.0,
2024-03-21,AAPL,short,1,1060.751187,0.0,
2024-03-21,MSFT,long,3,213.174962,0.0,
2024-03-21,SPY,long,1,603.1635610000001,0.0,
2024-03-22,AAPL,short,1,710.889399,0.0,
2024-03-22,MSFT,short,1,176.308515,0.0,
2024-03-22,SPY,short,1,789.917292,0.0,
2024-03-25,AAPL,short,1,542.3401170000001,0.0,
2024-03-25,MSFT,short,3,180.42439499999998,0.0,
2024-03-25,SPY,short,1,484.635879,0.0,
2024-03-26,AAPL,short,1,573.310116,0.0,
2024-03-26,MSFT,short,3,167.088744,0.0,
2024-03-26,SPY,short,1,653.982363,0.0,
2024-03-27,AAPL,short,1,602.130267,0.0,
2024-03-27,MSFT,short,3,166.88295000000002,0.0,
2024-03-27,SPY,short,1,829.168002,0.0,
2024-03-28,AAPL,short,1,656.0702729999999,0.0,
2024-03-28,MSFT,short,3,218.49328799999998,0.0,
2024-03-28,SPY,short,1,961.986051,0.0,
2024-04-01,AAPL,long,1,462.86740499999996,0.0,
2024-04-01,MSFT,long,2,163.32316,0.0,
2024-04-01,SPY,long,1,625.399775,0.0,
2024-04-02,AAPL,short,1,492.801705,0.0,
2024-04-02,MSFT,short,4,178.94088,0.0,
2024-04-02,SPY,short,1,741.560697,0.0,
2024-04-03,AAPL,long,1,477.393917,0.0,
2024-04-03,MSFT,short,4,164.857977,0.0,
2024-04-03,SPY,short,1,590.966442,0.0,
2024-04-04,AAPL,long,1,537.581044,0.0,
2024-04-04,MSFT,long,4,193.90270900000002,0.0,
2024-04-04,SPY,long,1,969.549581,0.0,
2024-04-05,AAPL,long,1,421.469048,0.0,
2024-04-05,MSFT,long,3,165.713548,0.0,
2024-04-05,SPY,short,1,744.7195350000001,0.0,
2024-04-08,AAPL,long,1,374.629255,0.0,
2024-04-08,MSFT,short,4,142.581276,0.0,
2024-04-08,SPY,short,1,483.533982,0.0,
2024-04-09,AAPL,long,2,424.161738,0.0,
2024-04-09,MSFT,long,7,125.09396899999999,0.0,
2024-04-09,SPY,long,1,681.1724919999999,0.0,
2024-04-10,AAPL,long,1,497.590093,0.0,
2024-04-10,MSFT,short,6,162.00383399999998,0.0,
2024-04-10,SPY,short,1,825.701472,0.0,
2024-04-11,AAPL,long,1,911.613703,0.0,
2024-04-11,MSFT,long,5,179.843664,0.0,
2024-04-11,SPY,long,1,701.69099,0.0,
2024-04-12,AAPL,short,1,1015.692291,0.0,
2024-04-12,MSFT,short,3,192.345462,0.0,
2024-04-12,SPY,short,1,924.685389,0.0,
2024-04-15,MSFT,long,2,202.937735,0.0,
2024-04-15,SPY,long,1,921.935014,0.0,
2024-04-15,AAPL,cover,23,735.318,0.0,
2024-04-16,AAPL,long,1,737.849112,0.0,
2024-04-16,MSFT,long,4,167.823656,0.0,
2024-04-16,SPY,long,1,735.57484,0.0,
2024-04-17,AAPL,long,1,509.521012,0.0,
2024-04-17,MSFT,long,4,158.713555,0.0,
2024-04-17,SPY,long,1,759.8621029999999,0.0,
2024-04-18,AAPL,long,1,431.66022899999996,0.0,
2024-04-18,MSFT,long,4,210.509299,0.0,
2024-04-18,SPY,short,1,744.735519,0.0,
2024-04-19,AAPL,short,1,680.812506,0.0,
2024-04-19,MSFT,short,4,305.352342,0.0,
2024-04-19,SPY,short,1,1021.103874,0.0,
2024-04-22,AAPL,short,1,480.682836,0.0,
2024-04-22,MSFT,short,3,202.666131,0.0,
2024-04-22,SPY,short,1,678.93039,0.0,
2024-04-23,AAPL,short,1,494.88262199999997,0.0,
2024-04-23,MSFT,short,3,157.187655,0.0,
2024-04-23,SPY,short,1,645.689664,0.0,
2024-04-24,AAPL,short,1,482.03548199999994,0.0,
2024-04-24,MSFT,long,3,150.803653,0.0,
2024-04-24,SPY,short,1,558.7217189999999,0.0,
2024-04-25,AAPL,long,1,506.088583,0.0,
2024-04-25,MSFT,long,4,406.270865,0.0,
2024-04-25,SPY,short,1,690.532776,0.0,
2024-04-26,AAPL,long,1,448.832384,0.0,
2024-04-26,MSFT,short,2,296.650053,0.0,
2024-04-26,SPY,long,1,643.704061,0.0,
2024-04-29,AAPL,short,1,681.012306,0.0,
2024-04-29,MSFT,short,2,195.625179,0.0,
2024-04-29,SPY,short,1,463.689846,0.0,
2024-04-30,AAPL,short,1,658.6886519999999,0.0,
2024-04-30,MSFT,short,3,287.526186,0.0,
2024-04-30,SPY,short,1,774.061164,0.0,
2024-05-01,AAPL,short,1,503.327169,0.0,
2024-05-01,MSFT,long,1,235.860625,0.0,
2024-05-01,SPY,long,1,803.230428,0.0,
2024-05-02,MSFT,long,2,177.271094,0.0,
2024-05-02,AAPL,cover,2,942.149,0.0,
2024-05-02,SPY,cover,10,625.502,0.0,
2024-05-03,AAPL,long,1,1633.873241,0.0,
2024-05-03,MSFT,short,3,174.29253300000002,0.0,
2024-05-03,SPY,long,1,728.294567,0.0,
2024-05-06,AAPL,short,1,784.911303,0.0,
2024-05-06,MSFT,short,3,169.79603400000002,0.0,
2024-05-06,SPY,long,1,473.119647,0.0,
2024-05-07,AAPL,short,1,772.284942,0.0,
2024-05-07,MSFT,short,3,199.98181799999998,0.0,
2024-05-07,SPY,long,1,526.1386130000001,0.0,
2024-05-08,AAPL,short,1,450.120429,0.0,
2024-05-08,MSFT,short,2,117.805077,0.0,
2024-05-08,SPY,short,1,420.05152799999996,0.0,
2024-05-09,AAPL,short,1,489.34017,0.0,
2024-05-09,MSFT,short,4,146.750103,0.0,
2024-05-09,SPY,exit,2,436.437,0.0,
2024-05-10,AAPL,short,1,507.08740500000005,0.0,
2024-05-10,SPY,long,1,522.854332,0.0,
2024-05-10,MSFT,cover,18,134.023,0.0,
2024-05-13,AAPL,short,1,719.727552,0.0,
2024-05-13,MSFT,long,4,154.556402,0.0,
2024-05-13,SPY,long,1,367.531164,0.0,
2024-05-14,AAPL,short,1,523.412064,0.0,
2024-05-14,MSFT,long,3,151.244093,0.0,
2024-05-14,SPY,long,1,575.9343590000001,0.0,
2024-05-15,AAPL,short,1,703.296,0.0,
2024-05-15,MSFT,short,3,222.172605,0.0,
2024-05-15,SPY,long,1,595.644049,0.0,
2024-05-16,AAPL,long,1,528.980452,0.0,
2024-05-16,MSFT,long,2,175.47630099999998,0.0,
2024-05-16,SPY,long,1,502.950448,0.0,
2024-05-17,AAPL,short,1,412.416171,0.0,
2024-05-17,MSFT,long,3,153.675522,0.0,
2024-05-17,SPY,long,1,592.4678759999999,0.0,
2024-05-20,AAPL,long,1,444.056613,0.0,
2024-05-20,MSFT,long,4,162.883721,0.0,
2024-05-20,SPY,long,1,378.019642,0.0,
2024-05-21,AAPL,short,1,422.670906,0.0,
2024-05-21,MSFT,long,3,214.74753299999998,0.0,
2024-05-21,SPY,long,1,334.70437,0.0,
2024-05-22,AAPL,short,1,346.13851500000004,0.0,
2024-05-22,MSFT,long,3,180.917737,0.0,
2024-05-22,SPY,long,1,484.3839,0.0,
2024-05-23,AAPL,short,1,509.548941,0.0,
2024-05-23,MSFT,short,4,171.944883,0.0,
2024-05-23,SPY,short,1,571.539888,0.0,
2024-05-24,AAPL,long,1,363.63327,0.0,
2024-05-24,MSFT,long,3,118.671553,0.0,
2024-05-24,SPY,long,1,413.323911,0.0,
2024-05-28,AAPL,long,1,523.323801,0.0,
2024-05-28,MSFT,long,4,157.33718000000002,0.0,
2024-05-28,SPY,long,1,363.05869600000005,0.0,
2024-05-29,AAPL,long,1,531.2106799999999,0.0,
2024-05-29,MSFT,long,3,155.326171,0.0,
2024-05-29,SPY,long,1,452.35490300000004,0.0,
2024-05-30,AAPL,long,1,499.38989100000003,0.0,
2024-05-30,MSFT,long,3,284.228945,0.0,
2024-05-30,SPY,long,1,464.239776,0.0,
2024-05-31,AAPL,long,1,752.334583,0.0,
2024-05-31,MSFT,short,3,479.47304699999995,0.0,
2024-05-31,SPY,long,1,908.765858,0.0,
2024-06-03,AAPL,long,1,501.305805,0.0,
2024-06-03,MSFT,short,4,174.672153,0.0,
2024-06-03,SPY,short,1,467.888643,0.0,
2024-06-04,AAPL,long,1,475.188714,0.0,
2024-06-04,MSFT,long,3,143.632489,0.0,
2024-06-04,SPY,long,1,346.673327,0.0,
2024-06-05,AAPL,long,1,542.109568,0.0,
2024-06-05,MSFT,long,3,170.04988,0.0,
2024-06-05,SPY,long,1,476.580104,0.0,
2024-06-06,AAPL,long,1,412.22981799999997,0.0,
2024-06-06,MSFT,long,3,148.761613,0.0,
2024-06-06,SPY,long,1,308.393085,0.0,
2024-06-07,AAPL,short,1,530.507961,0.0,
2024-06-07,MSFT,short,3,136.08078300000003,0.0,
2024-06-07,SPY,short,1,431.812755,0.0,
2024-06-10,AAPL,short,1,969.131898,0.0,
2024-06-10,MSFT,short,4,139.68917100000002,0.0,
2024-06-10,SPY,short,1,356.504139,0.0,
2024-06-11,AAPL,short,1,1722.009267,0.0,
2024-06-11,MSFT,short,3,145.365489,0.0,
2024-06-11,SPY,long,1,364.197834,0.0,
2024-06-12,AAPL,short,1,1979.3616570000002,0.0,
2024-06-12,MSFT,long,3,223.885662,0.0,
2024-06-12,SPY,exit,14,632.513,0.0,
2024-06-13,AAPL,short,1,977.648373,0.0,
2024-06-13,MSFT,short,2,159.446394,0.0,
2024-06-13,SPY,long,1,448.056609,0.0,
2024-06-14,AAPL,long,1,701.928227,0.0,
2024-06-14,MSFT,long,4,135.95582,0.0,
2024-06-14,SPY,long,1,401.299899,0.0,
2024-06-17,AAPL,short,1,936.345717,0.0,
2024-06-17,MSFT,long,5,208.1079,0.0,
2024-06-17,SPY,long,1,558.953395,0.0,
2024-06-18,AAPL,short,1,798.633567,0.0,
2024-06-18,MSFT,long,3,171.296125,0.0,
2024-06-18,SPY,long,1,414.177764,0.0,
2024-06-20,AAPL,short,1,860.863275,0.0,
2024-06-20,MSFT,long,4,198.972774,0.0,
2024-06-20,SPY,exit,4,703.282,0.0,
2024-06-21,AAPL,short,1,2415.632949,0.0,
2024-06-21,MSFT,short,4,341.52912899999995,0.0,
2024-06-21,SPY,short,1,642.742614,0.0,
2024-06-24,AAPL,short,1,806.46273,0.0,
2024-06-24,MSFT,long,2,159.296137,0.0,
2024-06-24,SPY,long,1,455.742287,0.0,
2024-06-25,AAPL,short,1,554.941503,0.0,
2024-06-25,MSFT,long,5,164.29813399999998,0.0,
2024-06-25,SPY,long,1,379.74136200000004,0.0,
2024-06-26,AAPL,short,1,661.4698679999999,0.0,
2024-06-26,MSFT,short,5,164.90493,0.0,
2024-06-26,SPY,short,2,385.12049399999995,0.0,
2024-06-27,AAPL,short,1,497.229273,0.0,
2024-06-27,MSFT,short,5,147.91493699999998,0.0,
2024-06-27,SPY,short,2,350.064585,0.0,
2024-06-28,AAPL,short,1,824.601573,0.0,
2024-06-28,MSFT,short,6,283.339377,0.0,
2024-06-28,SPY,short,2,760.6835550000001,0.0,
2024-07-01,AAPL,short,1,603.424971,0.0,
2024-07-01,MSFT,short,3,176.451372,0.0,
2024-07-01,SPY,short,1,402.575022,0.0,
2024-07-02,AAPL,short,1,579.881538,0.0,
2024-07-02,MSFT,long,5,139.93779800000002,0.0,
2024-07-02,SPY,long,2,404.75234800000004,0.0,
2024-07-03,AAPL,short,1,373.324302,0.0,
2024-07-03,SPY,long,2,328.226899,0.0,
2024-07-03,MSFT,exit,26,99.328,0.0,
2024-07-05,AAPL,short,2,603.5198760000001,0.0,
2024-07-05,MSFT,short,10,159.842997,0.0,
2024-07-05,SPY,short,3,414.46911600000004,0.0,
2024-07-08,AAPL,long,1,591.4498590000001,0.0,
2024-07-08,MSFT,long,5,129.752623,0.0,
2024-07-08,SPY,long,2,361.466105,0.0,
2024-07-09,AAPL,short,1,480.28023900000005,0.0,
2024-07-09,MSFT,short,7,171.899928,0.0,
2024-07-09,SPY,short,2,272.624103,0.0,
2024-07-10,AAPL,short,2,625.6507230000001,0.0,
2024-07-10,MSFT,short,5,181.779039,0.0,
2024-07-10,SPY,long,3,387.399012,0.0,
2024-07-11,AAPL,long,1,647.753106,0.0,
2024-07-11,MSFT,short,4,230.880888,0.0,
2024-07-11,SPY,short,2,530.0114580000001,0.0,
2024-07-12,AAPL,long,1,530.9954650000001,0.0,
2024-07-12,MSFT,long,3,163.406243,0.0,
2024-07-12,SPY,long,1,531.374844,0.0,
2024-07-15,AAPL,long,1,626.939313,0.0,
2024-07-15,MSFT,long,5,144.438294,0.0,
2024-07-15,SPY,long,1,406.248843,0.0,
2024-07-16,AAPL,long,1,432.775343,0.0,
2024-07-16,MSFT,long,6,171.92875700000002,0.0,
2024-07-16,SPY,long,2,365.117753,0.0,
2024-07-17,AAPL,long,2,574.0324589999999,0.0,
2024-07-17,MSFT,short,5,217.56222,0.0,
2024-07-17,SPY,long,2,571.76119,0.0,
2024-07-18,AAPL,long,1,661.006346,0.0,
2024-07-18,MSFT,long,4,208.155948,0.0,
2024-07-18,SPY,long,1,563.266704,0.0,
2024-07-19,AAPL,long,1,492.006515,0.0,
2024-07-19,MSFT,short,4,209.194596,0.0,
2024-07-19,SPY,short,1,654.435909,0.0,
2024-07-22,AAPL,long,1,482.50001799999995,0.0,
2024-07-22,MSFT,long,4,158.246088,0.0,
2024-07-22,SPY,long,1,433.900467,0.0,
2024-07-23,AAPL,long,2,400.002603,0.0,
2024-07-23,MSFT,long,6,131.202071,0.0,
2024-07-23,SPY,long,2,344.74039600000003,0.0,
2024-07-24,AAPL,long,2,618.393776,0.0,
2024-07-24,MSFT,short,7,267.789942,0.0,
2024-07-24,SPY,long,2,745.898153,0.0,
2024-07-25,AAPL,short,1,513.398088,0.0,
2024-07-25,MSFT,short,4,299.138562,0.0,
2024-07-25,SPY,short,1,610.971417,0.0,
2024-07-26,AAPL,short,1,415.59698699999996,0.0,
2024-07-26,MSFT,short,5,235.602162,0.0,
2024-07-26,SPY,short,1,537.100362,0.0,
2024-07-29,AAPL,short,2,362.754882,0.0,
2024-07-29,MSFT,short,4,151.106742,0.0,
2024-07-29,SPY,short,1,394.76284200000003,0.0,
2024-07-30,AAPL,long,2,416.854438,0.0,
2024-07-30,MSFT,long,7,327.202876,0.0,
2024-07-30,SPY,long,2,469.004536,0.0,
2024-07-31,AAPL,long,2,500.863363,0.0,
2024-07-31,MSFT,long,3,429.342914,0.0,
2024-07-31,SPY,long,1,657.2906340000001,0.0,
2024-08-01,AAPL,short,1,624.38499,0.0,
2024-08-01,MSFT,short,2,302.661036,0.0,
2024-08-01,SPY,short,1,763.5227130000001,0.0,
2024-08-02,AAPL,short,1,1054.630314,0.0,
2024-08-02,MSFT,short,3,294.084621,0.0,
2024-08-02,SPY,short,1,827.0631089999999,0.0,
2024-08-05,MSFT,short,2,406.684908,0.0,
2024-08-05,SPY,short,1,1461.2113259999999,0.0,
2024-08-05,AAPL,cover,9,1195.486,0.0,
2024-08-06,AAPL,short,1,695.908395,0.0,
2024-08-06,MSFT,short,2,249.21553500000002,0.0,
2024-08-06,SPY,short,1,847.4147370000001,0.0,
2024-08-07,AAPL,long,1,635.799164,0.0,
2024-08-07,MSFT,short,3,206.30249099999997,0.0,
2024-08-07,SPY,short,1,706.2760169999999,0.0,
2024-08-08,AAPL,long,1,472.082611,0.0,
2024-08-08,MSFT,short,4,201.82797,0.0,
2024-08-08,SPY,short,1,632.133234,0.0,
2024-08-09,AAPL,short,1,421.59398400000003,0.0,
2024-08-09,MSFT,short,4,192.574233,0.0,
2024-08-09,SPY,short,1,455.73980400000005,0.0,
2024-08-12,AAPL,short,2,379.900719,0.0,
2024-08-12,MSFT,short,4,167.46137099999999,0.0,
2024-08-12,SPY,short,1,424.995579,0.0,
2024-08-13,AAPL,short,2,441.111447,0.0,
2024-08-13,MSFT,short,5,193.948857,0.0,
2024-08-13,SPY,short,2,522.807669,0.0,
2024-08-14,AAPL,short,1,419.186394,0.0,
2024-08-14,MSFT,short,4,182.48733,0.0,
2024-08-14,SPY,short,1,424.044531,0.0,
2024-08-15,AAPL,short,2,463.67586,0.0,
2024-08-15,MSFT,long,4,207.728521,0.0,
2024-08-15,SPY,short,2,607.859532,0.0,
2024-08-16,AAPL,long,1,443.845402,0.0,
2024-08-16,MSFT,short,3,227.528244,0.0,
2024-08-16,SPY,short,1,443.86269300000004,0.0,
2024-08-19,AAPL,long,1,407.284878,0.0,
2024-08-19,SPY,long,1,391.609218,0.0,
2024-08-19,MSFT,cover,44,152.34,0.0,
2024-08-20,AAPL,long,2,303.29299000000003,0.0,
2024-08-20,MSFT,short,6,163.71212400000002,0.0,
2024-08-20,SPY,short,2,336.98567699999995,0.0,
2024-08-21,AAPL,short,3,347.307345,0.0,
2024-08-21,MSFT,short,6,160.512327,0.0,
2024-08-21,SPY,short,2,414.730854,0.0,
2024-08-22,AAPL,long,2,437.389953,0.0,
2024-08-22,MSFT,long,6,193.812619,0.0,
2024-08-22,SPY,long,2,561.776215,0.0,
2024-08-23,AAPL,long,2,387.15977300000003,0.0,
2024-08-23,MSFT,long,4,185.12293799999998,0.0,
2024-08-23,SPY,short,1,505.887606,0.0,
2024-08-26,MSFT,long,5,131.659528,0.0,
2024-08-26,SPY,long,1,358.24388600000003,0.0,
2024-08-26,AAPL,cover,2,306.022,0.0,
2024-08-27,AAPL,short,3,358.986654,0.0,
2024-08-27,MSFT,long,7,135.063929,0.0,
2024-08-27,SPY,long,2,327.265939,0.0,
2024-08-28,AAPL,long,3,380.902522,0.0,
2024-08-28,MSFT,long,8,148.975827,0.0,
2024-08-28,SPY,long,2,411.07066000000003,0.0,
2024-08-29,AAPL,long,3,519.582063,0.0,
2024-08-29,MSFT,long,8,170.622452,0.0,
2024-08-29,SPY,long,2,387.539152,0.0,
2024-08-30,AAPL,long,3,530.437908,0.0,
2024-08-30,MSFT,long,8,243.326083,0.0,
2024-08-30,SPY,long,2,627.6280009999999,0.0,
2024-09-03,SPY,long,1,606.607001,0.0,
2024-09-03,AAPL,exit,6,501.906,0.0,
2024-09-03,MSFT,exit,34,203.136,0.0,
2024-09-04,AAPL,long,3,438.840402,0.0,
2024-09-04,MSFT,long,6,151.509358,0.0,
2024-09-04,SPY,long,1,472.721249,0.0,
2024-09-05,AAPL,long,3,366.520154,0.0,
2024-09-05,MSFT,long,6,142.096955,0.0,
2024-09-05,SPY,long,2,443.08564299999995,0.0,
2024-09-06,AAPL,long,3,484.71423000000004,0.0,
2024-09-06,MSFT,long,6,196.291095,0.0,
2024-09-06,SPY,long,2,685.622938,0.0,
2024-09-09,AAPL,short,3,671.1282,0.0,
2024-09-09,MSFT,long,6,153.103951,0.0,
2024-09-09,SPY,long,2,404.862458,0.0,
2024-09-10,AAPL,short,2,515.39409,0.0,
2024-09-10,MSFT,short,6,195.747057,0.0,
2024-09-10,SPY,short,2,363.582054,0.0,
2024-09-11,AAPL,short,2,445.42512899999997,0.0,
2024-09-11,MSFT,short,6,192.47633100000002,0.0,
2024-09-11,SPY,short,2,751.733514,0.0,
2024-09-12,AAPL,short,2,374.181444,0.0,
2024-09-12,MSFT,long,6,174.130957,0.0,
2024-09-12,SPY,exit,4,518.196,0.0,
2024-09-13,AAPL,long,2,368.033666,0.0,
2024-09-13,MSFT,long,6,158.90474600000002,0.0,
2024-09-13,SPY,short,1,392.711895,0.0,
2024-09-16,AAPL,short,2,592.980426,0.0,
2024-09-16,MSFT,long,6,138.48534700000002,0.0,
2024-09-16,SPY,short,2,366.194439,0.0,
2024-09-17,AAPL,short,2,454.737807,0.0,
2024-09-17,MSFT,long,7,188.93074199999998,0.0,
2024-09-17,SPY,long,2,493.70320999999996,0.0,
2024-09-18,AAPL,short,2,598.350051,0.0,
2024-09-18,MSFT,short,6,188.79102,0.0,
2024-09-18,SPY,cover,1,590.449,0.0,
2024-09-19,AAPL,short,2,667.145187,0.0,
2024-09-19,MSFT,short,6,216.848934,0.0,
2024-09-19,SPY,short,1,752.401845,0.0,
2024-09-20,AAPL,short,2,3183.612201,0.0,
2024-09-20,MSFT,short,6,551.119329,0.0,
2024-09-20,SPY,short,1,774.2559689999999,0.0,
2024-09-23,AAPL,short,1,540.91854,0.0,
2024-09-23,MSFT,short,3,151.137711,0.0,
2024-09-23,SPY,long,1,441.610169,0.0,
2024-09-24,AAPL,short,2,435.125439,0.0,
2024-09-24,MSFT,long,8,170.32815799999997,0.0,
2024-09-24,SPY,long,2,468.525057,0.0,
2024-09-25,AAPL,short,3,422.663913,0.0,
2024-09-25,MSFT,short,7,133.830036,0.0,
2024-09-25,SPY,short,2,383.901714,0.0,
2024-09-26,AAPL,short,3,366.000633,0.0,
2024-09-26,MSFT,short,9,144.77507999999997,0.0,
2024-09-26,SPY,short,3,482.87664,0.0,
2024-09-27,AAPL,short,3,339.91974,0.0,
2024-09-27,MSFT,short,9,148.812039,0.0,
2024-09-27,SPY,short,2,420.587991,0.0,
2024-09-30,AAPL,short,4,544.873581,0.0,
2024-09-30,MSFT,short,9,167.90492700000001,0.0,
2024-09-30,SPY,short,3,634.9384259999999,0.0,
2024-10-01,AAPL,short,2,632.2171500000001,0.0,
2024-10-01,MSFT,long,7,191.119929,0.0,
2024-10-01,SPY,long,1,727.414688,0.0,
2024-10-02,AAPL,long,1,329.13480599999997,0.0,
2024-10-02,MSFT,long,5,165.988823,0.0,
2024-10-02,SPY,long,1,381.35897800000004,0.0,
2024-10-03,AAPL,short,4,340.101558,0.0,
2024-10-03,MSFT,long,8,137.000864,0.0,
2024-10-03,SPY,long,3,408.87346499999995,0.0,
2024-10-04,AAPL,short,4,372.078549,0.0,
2024-10-04,MSFT,short,10,191.505303,0.0,
2024-10-04,SPY,short,3,428.961609,0.0,
2024-10-07,AAPL,long,3,395.449054,0.0,
2024-10-07,MSFT,long,7,209.407198,0.0,
2024-10-07,SPY,long,3,500.146647,0.0,
2024-10-08,AAPL,long,3,318.875557,0.0,
2024-10-08,MSFT,short,6,192.100707,0.0,
2024-10-08,SPY,short,2,373.613013,0.0,
2024-10-09,AAPL,short,4,335.575089,0.0,
2024-10-09,MSFT,short,7,149.593257,0.0,
2024-10-09,SPY,short,3,378.742878,0.0,
2024-10-10,AAPL,long,4,282.116835,0.0,
2024-10-10,MSFT,long,9,138.62248400000001,0.0,
2024-10-10,SPY,long,3,441.82238099999995,0.0,
2024-10-11,AAPL,long,5,317.909592,0.0,
2024-10-11,MSFT,long,10,141.590449,0.0,
2024-10-11,SPY,long,3,423.10268,0.0,
2024-10-14,AAPL,short,4,398.422179,0.0,
2024-10-14,MSFT,short,13,166.364469,0.0,
2024-10-14,SPY,short,3,361.80982800000004,0.0,
2024-10-15,AAPL,long,3,648.161514,0.0,
2024-10-15,MSFT,short,12,188.81299800000002,0.0,
2024-10-15,SPY,short,3,541.4939639999999,0.0,
2024-10-16,AAPL,long,2,341.162822,0.0,
2024-10-16,MSFT,short,10,154.933911,0.0,
2024-10-16,SPY,long,2,307.561254,0.0,
2024-10-17,AAPL,long,4,330.267938,0.0,
2024-10-17,MSFT,long,12,148.3482,0.0,
2024-10-17,SPY,long,4,344.280937,0.0,
2024-10-18,AAPL,long,4,464.779315,0.0,
2024-10-18,MSFT,long,12,171.62445300000002,0.0,
2024-10-18,SPY,long,4,374.542168,0.0,
2024-10-21,AAPL,long,3,362.907545,0.0,
2024-10-21,MSFT,long,11,142.20306100000002,0.0,
2024-10-21,SPY,long,3,364.75439,0.0,
2024-10-22,AAPL,long,3,388.854466,0.0,
2024-10-22,MSFT,short,11,254.567178,0.0,
2024-10-22,SPY,long,3,342.179838,0.0,
2024-10-23,AAPL,short,3,522.34713,0.0,
2024-10-23,MSFT,short,9,196.34745600000002,0.0,
2024-10-23,SPY,short,4,492.652854,0.0,
2024-10-24,AAPL,long,3,311.40609500000005,0.0,
2024-10-24,MSFT,short,9,135.680184,0.0,
2024-10-24,SPY,long,4,350.148799,0.0,
2024-10-25,AAPL,long,4,388.411023,0.0,
2024-10-25,MSFT,short,11,168.822009,0.0,
2024-10-25,SPY,long,4,473.15468200000004,0.0,
2024-10-28,AAPL,short,3,360.510129,0.0,
2024-10-28,MSFT,short,9,148.67517600000002,0.0,
2024-10-28,SPY,long,3,302.048747,0.0,
2024-10-29,AAPL,long,4,354.52617200000003,0.0,
2024-10-29,MSFT,long,10,176.617441,0.0,
2024-10-29,SPY,long,4,429.425997,0.0,
2024-10-30,AAPL,long,4,471.179709,0.0,
2024-10-30,MSFT,short,9,297.193509,0.0,
2024-10-30,SPY,long,3,414.772358,0.0,
2024-10-31,AAPL,short,2,643.0572990000001,0.0,
2024-10-31,MSFT,short,6,539.17029,0.0,
2024-10-31,SPY,short,3,601.2231750000001,0.0,
2024-11-01,MSFT,short,4,242.061696,0.0,
2024-11-01,SPY,long,2,457.13167500000003,0.0,
2024-11-04,AAPL,short,2,448.99555499999997,0.0,
2024-11-04,MSFT,long,6,196.919723,0.0,
2024-11-04,SPY,short,3,381.78783000000004,0.0,
2024-11-05,AAPL,long,3,281.394113,0.0,
2024-11-05,MSFT,long,8,176.43626,0.0,
2024-11-05,SPY,long,4,395.17778300000003,0.0,
2024-11-06,AAPL,short,5,545.065389,0.0,
2024-11-06,MSFT,long,9,267.084818,0.0,
2024-11-06,SPY,short,4,681.13818,0.0,
2024-11-07,AAPL,short,3,420.955623,0.0,
2024-11-07,MSFT,short,6,198.818982,0.0,
2024-11-07,SPY,short,3,471.859668,0.0,
2024-11-08,AAPL,short,4,382.904712,0.0,
2024-11-08,MSFT,short,8,168.745086,0.0,
2024-11-08,SPY,short,3,463.984551,0.0,
2024-11-11,AAPL,short,4,419.635944,0.0,
2024-11-11,MSFT,short,10,244.78796699999998,0.0,
2024-11-11,SPY,short,3,375.49213199999997,0.0,
2024-11-12,AAPL,short,3,403.579017,0.0,
2024-11-12,MSFT,short,6,193.817988,0.0,
2024-11-12,SPY,short,4,429.63093899999996,0.0,
2024-11-13,AAPL,long,4,486.14766199999997,0.0,
2024-11-13,MSFT,long,8,215.237022,0.0,
2024-11-13,SPY,long,3,474.359886,0.0,
2024-11-14,AAPL,short,3,448.789761,0.0,
2024-11-14,MSFT,short,7,302.166531,0.0,
2024-11-14,SPY,short,3,388.651959,0.0,
2024-11-15,AAPL,short,3,478.757763,0.0,
2024-11-15,MSFT,short,4,282.193524,0.0,
2024-11-15,SPY,short,3,759.128112,0.0,
2024-11-18,AAPL,long,3,446.783337,0.0,
2024-11-18,MSFT,short,5,247.02273000000002,0.0,
2024-11-18,SPY,short,2,369.646983,0.0,
2024-11-19,AAPL,short,3,361.755882,0.0,
2024-11-19,MSFT,short,6,181.15366500000002,0.0,
2024-11-19,SPY,short,4,493.62588,0.0,
2024-11-20,AAPL,short,4,351.344304,0.0,
2024-11-20,MSFT,long,9,192.108917,0.0,
2024-11-20,SPY,short,3,499.82567400000005,0.0,
2024-11-21,AAPL,long,5,421.50408300000004,0.0,
2024-11-21,MSFT,short,9,207.594198,0.0,
2024-11-21,SPY,cover,8,467.503,0.0,
2024-11-22,AAPL,short,4,381.301317,0.0,
2024-11-22,MSFT,short,8,247.897854,0.0,
2024-11-22,SPY,short,3,381.881736,0.0,
2024-11-25,AAPL,short,4,900.626472,0.0,
2024-11-25,MSFT,short,7,276.634089,0.0,
2024-11-25,SPY,short,4,423.989586,0.0,
2024-11-26,AAPL,short,2,459.40213800000004,0.0,
2024-11-26,MSFT,short,5,234.354411,0.0,
2024-11-26,SPY,short,2,455.75678700000003,0.0,
2024-11-27,AAPL,short,3,334.64901599999996,0.0,
2024-11-27,MSFT,short,7,183.140676,0.0,
2024-11-27,SPY,short,3,339.661998,0.0,
2024-11-29,AAPL,long,5,285.098814,0.0,
2024-11-29,MSFT,long,10,162.881719,0.0,
2024-11-29,SPY,short,5,301.472226,0.0,
2024-12-02,AAPL,long,7,481.852371,0.0,
2024-12-02,MSFT,long,12,202.274072,0.0,
2024-12-02,SPY,long,7,317.77745999999996,0.0,
2024-12-03,AAPL,long,3,388.99861000000004,0.0,
2024-12-03,MSFT,short,9,182.83698,0.0,
2024-12-03,SPY,long,5,269.335066,0.0,
2024-12-04,AAPL,short,4,443.395161,0.0,
2024-12-04,MSFT,short,10,259.833906,0.0,
2024-12-04,SPY,short,7,427.44812399999995,0.0,
2024-12-05,AAPL,short,3,399.938661,0.0,
2024-12-05,MSFT,short,8,216.761022,0.0,
2024-12-05,SPY,short,3,287.334378,0.0,
2024-12-06,AAPL,long,4,369.074706,0.0,
2024-12-06,MSFT,long,10,188.39821,0.0,
2024-12-06,SPY,long,6,312.727415,0.0,
2024-12-09,AAPL,long,5,446.938492,0.0,
2024-12-09,MSFT,long,10,191.63544399999998,0.0,
2024-12-09,SPY,long,6,347.774427,0.0,
2024-12-10,AAPL,short,4,368.77885200000003,0.0,
2024-12-10,MSFT,short,11,184.510305,0.0,
2024-12-10,SPY,long,6,372.717345,0.0,
2024-12-11,AAPL,long,5,452.510058,0.0,
2024-12-11,MSFT,long,12,192.194002,0.0,
2024-12-11,SPY,long,6,287.06377699999996,0.0,
2024-12-12,AAPL,short,4,327.447225,0.0,
2024-12-12,MSFT,short,12,208.139652,0.0,
2024-12-12,SPY,long,6,315.75343799999996,0.0,
2024-12-13,AAPL,long,5,331.884553,0.0,
2024-12-13,MSFT,short,12,201.576222,0.0,
2024-12-13,SPY,long,6,359.406047,0.0,
2024-12-16,AAPL,long,5,517.4649479999999,0.0,
2024-12-16,MSFT,long,14,236.223988,0.0,
2024-12-16,SPY,long,6,437.388952,0.0,
2024-12-17,AAPL,long,3,514.0775639999999,0.0,
2024-12-17,MSFT,long,12,227.56233500000002,0.0,
2024-12-17,SPY,long,5,558.292735,0.0,
2024-12-18,AAPL,long,4,568.3087409999999,0.0,
2024-12-18,MSFT,long,15,244.689445,0.0,
2024-12-18,SPY,short,5,1081.4045130000002,0.0,
2024-12-19,AAPL,short,6,608.214177,0.0,
2024-12-19,MSFT,short,21,229.407363,0.0,
2024-12-19,SPY,short,5,858.335805,0.0,
2024-12-20,AAPL,short,5,1473.478047,0.0,
2024-12-20,MSFT,short,19,641.9943629999999,0.0,
2024-12-20,SPY,short,4,1255.909833,0.0,
2024-12-23,AAPL,short,2,408.179412,0.0,
2024-12-23,MSFT,short,5,191.333475,0.0,
2024-12-23,SPY,short,1,575.7816419999999,0.0,
2024-12-24,AAPL,short,6,232.114653,0.0,
2024-12-24,MSFT,short,14,71.57335499999999,0.0,
2024-12-24,SPY,short,4,331.269399,0.0,
2024-12-26,AAPL,long,13,272.643371,0.0,
2024-12-26,MSFT,long,43,82.02394199999999,0.0,
2024-12-26,SPY,short,9,411.77880899999997,0.0,
2024-12-27,AAPL,short,11,423.12944699999997,0.0,
2024-12-27,MSFT,short,38,180.995823,0.0,
2024-12-27,SPY,short,7,649.043307,0.0,
2024-12-30,AAPL,short,6,355.219425,0.0,
2024-12-30,MSFT,short,15,131.455413,0.0,
2024-12-30,SPY,short,4,565.222212,0.0,
